areacd,1997,1998,1999,2000,2001,2002,2003,2004,2005,2006,2007,2008,2009,2010,2011,2012,2013,2014,2015,2016,2017,2018,2019,2020
E08000024,8514,8461,8920,9578,9897,10169,10411,10756,11213,11576,12028,12204,12585,12906,13215,13802,14199,14296,14774,15157,15559,15839,16171,16293
E06000002,8845,8508,8969,9525,9950,9997,10174,10716,11156,11610,11812,12072,12708,12735,12958,13657,13867,14443,14868,14837,15071,15731,16120,16496
E08000023,8531,8678,8782,9268,9640,9861,10271,10890,11112,11594,12100,12324,12904,13275,13506,14192,14504,14870,15600,15666,15984,16210,16327,16575
E06000001,8443,8493,9003,9419,9808,10179,10372,10681,11184,11731,12097,12453,12953,13270,13676,14150,14279,14680,15161,15304,15631,16411,16332,16627
E08000021,9587,9892,10050,10775,11241,11509,11815,12323,12294,12707,13137,13307,13634,13888,13957,14491,14628,14975,15597,15545,15590,16153,16773,16767
E08000037,8538,8770,8929,9460,9985,10207,10487,10950,11069,11412,11693,11842,12477,12734,12921,13657,14028,14182,14824,14862,15211,15980,16426,16777
E06000047,9221,9395,9797,10359,10714,10857,11043,11605,11874,12233,12526,12764,13178,13575,13733,14189,14529,14926,15526,15556,15883,16435,16772,16824
E06000003,9084,8771,9276,9904,10342,10391,10616,10970,11406,11922,12111,12349,13118,13234,13573,14458,14660,15189,15668,15714,16026,16643,16925,17095
E06000004,9679,9554,10035,10555,10946,11248,11518,12117,12620,13027,13359,13668,14068,14277,14656,15062,15146,15622,16048,16148,16492,16825,17585,17892
E06000005,9597,9481,9685,10569,11366,11432,11702,12025,12288,12512,13189,13199,13716,13857,13765,14349,14813,15010,15731,16278,17007,17444,17765,18114
E08000022,9907,10103,10275,10718,11052,11239,11526,12120,12166,12547,12870,12956,13646,14037,14229,15048,15320,15598,16454,16524,16962,17647,18229,18531
E06000057,10264,10375,10916,11668,12081,12284,12794,13206,13507,14358,14729,15603,16524,16505,16663,17276,17739,18019,18748,19026,19466,20016,20382,20285
E06000008,8427,8453,8962,9070,9298,9241,9595,9868,10431,10783,11004,10969,11190,11582,11563,11719,11847,12247,12638,12745,13348,14117,14652,14948
E08000003,7181,7471,8136,8560,8894,9280,9365,9658,10109,10426,10780,10980,11490,11556,11775,12063,12459,12728,13453,13553,14250,15007,15361,15882
E07000120,7471,7563,7968,8337,8671,8893,9065,9540,10065,10426,10918,11392,12054,12150,12485,12881,13315,13265,13912,14288,14704,15067,15737,15987
E07000117,7265,7362,7777,8184,8586,8646,9009,9374,9932,10448,11079,11565,12196,12257,12537,12847,13255,13364,13850,14238,14588,15206,15704,16068
E08000012,8408,8458,9033,9511,9966,10163,10497,10905,11161,11710,12135,12123,12700,12879,13057,13463,13883,14270,14825,14735,14999,15483,15644,16069
E07000122,8777,8886,9170,9775,10029,10242,10606,11061,11718,12107,12875,13369,13584,13718,13845,14042,14394,14663,15356,15548,15761,15737,16124,16274
E08000004,8265,8420,8970,9433,9717,9959,10136,10535,10839,11311,11757,11915,12302,12465,12589,13142,13590,13928,14426,14380,14593,15471,15978,16351
E07000121,8617,8859,9191,9864,10312,10696,11023,11417,11785,12216,12787,13126,13804,13827,13985,14268,14726,15051,15563,15574,16162,16714,16457,16484
E08000005,8555,8647,9266,9703,10039,10246,10396,10810,11122,11560,12056,12184,12671,12808,13035,13712,14150,14447,15007,14956,15232,15615,16229,16567
E06000009,9537,9668,9833,10660,10786,10922,10717,10884,11083,11334,11912,12182,12700,12933,13408,13502,13793,14165,14795,15148,15671,16111,16593,17008
E08000010,9639,9727,10300,10839,11216,11389,11674,11988,12283,12762,13232,13296,13672,13768,13950,14530,14909,15021,15282,15159,15825,16414,16780,17020
E07000123,9025,9169,9507,9935,10535,10642,10945,11269,11646,11952,12359,12673,13477,13405,13591,13988,14266,14548,15241,15550,16054,16162,16791,17036
E08000011,8054,8131,8612,9264,9697,9942,10355,10852,11327,11683,12333,12671,13175,13360,13637,14020,14340,14576,15213,15430,15956,16299,17195,17471
E08000001,10264,10308,10857,11485,11705,11920,12105,12647,13057,13494,14073,14178,14353,14502,14593,15055,15410,15682,16031,15926,16499,17036,17383,17538
E08000008,8520,8689,9429,9861,10066,10265,10620,10876,11318,11752,12193,12414,13077,13253,13559,14030,14446,14788,15520,15807,16388,16946,17364,17756
E07000125,10039,10266,10548,11316,11637,11929,12304,12839,13484,13740,14508,14873,15114,15161,15393,15451,15988,16163,17056,17179,17341,17928,17795,17939
E08000013,7999,8147,8619,9312,9766,10027,10320,10852,11411,11858,12574,12839,13339,13539,13683,14133,14486,14758,15463,15803,16259,16956,17667,18089
E06000006,8808,9014,9554,10431,10893,11144,11454,11849,12360,12672,13372,13612,14077,14095,14219,14651,15074,15308,16068,16365,16930,17802,17927,18166
E07000027,8137,8508,8610,9131,9673,9796,10188,10741,11066,11654,12490,12764,13323,13639,13906,14659,15038,15453,16272,16443,16733,17286,17866,18202
E08000006,10646,10884,11433,12006,12213,12492,12850,13395,13859,14206,14730,14918,15094,15009,15179,15568,15816,16034,17187,17160,17420,17331,17941,18356
E07000028,8800,9182,9649,9875,10607,10982,11501,11796,12215,12631,12836,13151,14166,14445,14549,15210,15946,16173,16792,16879,17402,18044,18172,18524
E07000026,9748,10108,10436,11295,11819,11595,12152,12830,13280,13847,14766,14954,15276,15744,15872,16746,17021,17399,18212,18199,18539,19150,19298,19206
E08000002,10594,10714,11252,12023,12350,12578,12660,13210,13653,14097,14714,14857,15013,15084,15191,15739,16293,16862,17782,17734,17932,18745,19107,19235
E08000015,10236,10500,11039,11739,12089,12615,13024,13272,13478,13745,14529,14893,15480,15630,15723,16299,16799,17140,17709,17756,17986,18739,19215,19272
E07000029,8822,9181,9571,10223,10758,10836,11216,11734,11986,12665,13490,13708,14319,14753,15035,15987,16313,16628,17600,17875,18399,18446,19013,19327
E07000126,9826,9958,10338,10864,11385,11658,12018,12464,12922,13398,13887,14130,14823,14865,15142,15523,15933,16297,17138,17409,17888,18662,19305,19537
E08000014,11367,11624,11959,11972,11756,12216,12569,12973,13587,13868,14351,14676,15545,15728,15856,16509,17094,17121,17974,18102,18547,18985,19362,19556
E07000118,10497,10606,11009,11698,12131,12475,12801,13218,13753,14231,14832,15224,15878,15956,16339,16712,16936,17375,18575,18297,18737,19063,19800,19811
E07000128,9911,10061,10486,11120,11497,11845,12166,12562,13087,13544,14155,14537,15295,15508,15807,16215,16659,17055,17542,17671,18407,19039,20083,19960
E07000127,10209,10226,10775,11597,11995,12258,12635,13110,13675,14104,14745,15124,15666,15691,16166,16600,16933,17461,18733,18570,18862,19934,20622,20437
E07000030,11502,11942,12149,12353,13030,13378,13973,14560,15181,15710,16079,16262,16935,17398,17374,17897,18745,19211,20166,20028,20441,21345,21745,21250
E06000007,10359,10570,11083,12059,12589,12808,13125,13898,14219,14753,15554,15609,15786,15941,16324,17164,17370,17941,19335,19113,19602,20620,21249,21441
E08000007,10830,10891,11612,12436,12594,12979,13354,13521,14054,14640,15307,15518,16036,16325,16613,17142,17641,18304,19334,19742,20066,21112,21726,21737
E06000050,11064,11193,11857,12344,12572,13290,14073,14748,15295,15730,16380,16844,17398,17418,17483,18285,18817,19281,20141,20210,21048,21920,22358,22331
E07000119,12125,12162,12679,13742,14110,14467,14883,15311,15892,16645,17281,17680,18305,18527,18520,19026,19239,19816,21002,21117,21514,22594,22953,22857
E08000009,13210,13204,13979,14908,15174,15530,15657,15999,16478,16974,17539,17682,17909,17969,18186,18739,19172,19548,21270,21268,21633,23474,23964,24074
E07000031,12628,13087,13391,13706,14709,15142,15845,16460,17178,17802,18539,18862,19426,20130,20071,20921,21530,22243,23299,23114,23624,24277,24993,24303
E07000124,15032,15260,15431,16694,17037,17193,17567,18272,19122,19639,20761,21182,20975,21131,21472,21459,21711,22700,24028,24010,24338,25571,25714,24411
E06000049,12082,12294,12945,13468,13676,14523,15229,15700,16289,16843,17460,17782,18337,18355,18574,19253,20361,21053,22737,22656,23518,24948,25600,25192
E06000010,7396,7642,8177,8953,9416,9662,9683,9881,10155,10252,10631,10938,11423,11531,11907,12237,12417,12824,13251,13456,13873,14571,14887,15329
E08000032,9280,9406,9888,10530,10456,10649,10791,11235,11354,11622,12094,12261,12484,12446,12592,12961,13448,13836,14517,14477,14757,15137,15475,15709
E08000019,9297,9446,9941,10428,10977,11249,11468,12041,12115,12333,12655,12957,13407,13307,13375,13731,14002,14503,15017,14946,15198,15894,16071,16143
E08000034,9223,9448,9882,10463,10696,10894,11283,11680,11980,12339,12915,12969,13220,13268,13471,13955,14403,14720,15500,15389,15758,16554,17064,17139
E08000017,8889,9155,9666,10284,10602,10811,11181,11490,11885,12231,12798,12862,13059,13302,13679,14139,14597,15152,15713,15768,16252,16904,16820,17140
E06000012,8944,9216,9502,9856,10193,10472,10873,11290,11582,12072,12914,12985,13142,13283,13827,14167,14301,14626,15193,15468,16028,16450,16982,17210
E08000018,8541,8741,9313,9940,10254,10486,10836,11075,11499,11929,12507,12606,12967,13233,13634,14188,14730,15184,15771,15836,16405,16722,17099,17255
E06000013,9550,9855,10143,10517,10925,11204,11650,11975,12190,12548,13211,13163,13205,13240,13799,14193,14377,14603,15189,15359,15963,16783,17126,17302
E08000016,8690,8886,9457,10052,10421,10655,11045,11319,11673,12074,12547,12606,12967,13137,13568,14031,14399,14813,15308,15377,15949,16606,17314,17448
E08000036,9289,9545,9956,10593,10880,11225,11675,12153,12563,12967,13669,13690,13932,14144,14133,14562,14993,15290,16086,16196,16814,17344,17570,17572
E08000033,9969,10248,10677,11346,11612,11825,12268,12807,13230,13637,14325,14444,14646,14885,15159,15704,16250,16676,17568,17385,17760,18301,18649,18639
E08000035,10125,10295,10772,11584,11891,12146,12416,12598,12876,13316,14030,14274,14508,14652,15012,15312,15798,16092,16871,16971,17415,18336,18882,19086
E07000168,9179,9749,9936,10156,10695,11067,11424,11869,12476,13274,13719,14080,15123,15134,15707,16378,16705,16841,17763,17849,18481,19194,19453,19697
E07000166,10743,11050,11474,11362,11583,11994,12234,12610,13161,13992,14357,14605,15298,15177,15332,15951,16308,16631,17840,17497,18207,19783,19553,19701
E06000014,10465,11111,11930,12354,12845,13368,13324,13001,13322,14027,14880,14956,15493,15597,15791,16500,16853,17466,18276,18265,18794,19815,20213,20116
E06000011,10701,10847,11759,12059,12010,12470,12944,13535,14109,14752,15195,15375,15787,15994,16381,16713,16976,17322,18482,18470,19116,20140,20524,20357
E07000169,10817,11366,11659,11759,12201,12662,13101,13476,14340,15206,15511,15681,16515,16062,16502,17176,17504,17379,18421,18518,19091,20167,21066,20971
E07000163,10838,11408,11571,11722,12104,12807,13134,13450,14206,15217,15637,15988,17088,17077,17508,18306,18607,18714,19870,19817,20525,20967,21433,21143
E07000167,11423,11886,12128,12400,12805,13532,13933,14336,15157,16251,16801,17237,18037,18191,18743,19418,19856,19870,21023,20974,21532,21581,22014,21795
E07000164,11786,12414,12654,12816,13497,13986,14310,14905,15774,16731,17251,17621,18341,18327,18788,19580,20043,20321,21612,21596,22355,23609,23854,23459
E07000165,14307,15273,15339,15503,15666,16426,16828,17363,18485,19570,20538,21035,21208,21009,21211,21802,22380,22773,24617,24419,25026,26688,27301,26466
E06000018,8289,8522,8972,9365,9537,9711,9799,9727,9945,10157,10636,10850,10858,10851,10906,11220,11825,12115,12672,12723,12797,13147,13560,13952
E06000016,8358,8156,8611,9147,9449,9694,9853,10088,10056,10266,10780,10649,10928,11168,11245,11661,11916,12156,12673,12869,13173,13536,13898,14266
E07000138,8015,8230,8567,8916,9332,9864,10199,10436,10789,11095,11703,11970,12533,12556,12944,13371,13579,13790,14273,14326,14714,15296,15694,16004
E07000033,8105,8422,9028,9327,10001,10127,10367,10689,11007,11505,12099,12046,12349,12379,12676,13143,13412,13664,14425,14301,14826,15295,15713,16135
E07000170,7904,8254,8740,9156,9470,9731,10126,10639,10837,11129,11841,12159,12637,12608,12749,13155,13434,13857,14589,14659,15125,15810,16176,16437
E06000015,9272,9372,9816,9871,10342,10735,10963,11427,11417,12146,12490,12394,13038,12635,12672,13414,13877,14488,15089,15068,15628,16337,16870,17171
E07000174,8039,8418,8883,9364,9972,10289,10692,11272,11527,11808,12481,12767,13375,13327,13452,13922,14267,14673,15469,15431,15971,16700,17014,17497
E07000140,10438,10613,11024,11564,11884,12050,12432,12704,13243,13419,14158,14318,14500,14692,15018,15558,15864,16235,16782,16700,17141,17476,17389,17605
E07000034,7874,8169,8800,9163,9968,10224,10417,10742,11019,11576,12206,12113,12472,12625,12945,13528,13848,14065,15005,14846,15592,16230,17185,17614
E07000172,9347,9689,10207,10396,11075,11386,11960,12381,12660,13194,14046,14445,14800,14649,14824,15518,16039,16451,16995,16978,17273,17592,17809,17967
E07000136,9933,10163,10676,11194,11705,12068,12574,13025,13567,13754,14422,14631,14762,14854,15384,15889,16035,16364,16902,16792,17238,17465,18176,18448
E07000036,7995,8210,8823,9066,9420,9810,10678,11219,11657,12213,12862,13130,13489,13601,14296,14803,15507,15591,16615,16668,16991,17859,18205,18498
E07000130,10045,10241,10620,11130,11549,11995,12614,13090,13493,13826,14559,14601,14816,14856,15173,15529,15817,16075,16798,16618,17287,17707,18656,18533
E07000171,9336,9693,10099,10756,11081,11497,11745,12474,12822,13110,14112,14431,14697,14569,14718,15101,15445,15968,17114,17012,17376,18165,18700,18632
E07000135,9065,9357,9628,9954,10295,10631,11173,11551,12022,12329,13101,13319,13897,14226,14428,14886,15217,15733,16661,16699,17288,17968,18818,18812
E07000137,9330,9554,9757,10091,10352,10528,11065,11530,12070,12389,13241,13649,14042,14450,14925,15367,15741,16298,16918,16939,17378,18309,18806,18853
E07000038,9655,9981,10549,11088,11865,12325,12497,12829,13421,14071,14970,14985,14864,14785,15100,15561,15952,16475,17764,17354,17786,18979,19202,19225
E07000139,11131,11373,11582,11896,12178,12333,12742,13099,13712,14005,14770,14994,15280,15477,15859,16379,16748,17146,17824,17764,18254,18911,19175,19312
E07000039,10521,10685,11507,11957,12247,12481,13289,13678,14082,14464,15069,15203,15273,15219,15783,16307,16975,17188,18315,18212,18413,19181,19653,19399
E07000032,8798,9135,9651,10122,10527,10882,11743,12284,12682,13197,13938,14215,14506,14616,15231,15845,16538,16756,18054,18054,18350,18925,19385,19423
E07000129,9555,9602,10126,10397,10823,11079,11684,12098,12482,12847,13533,13597,14281,14440,14902,15415,15837,16103,16798,16892,17797,18406,19143,19474
E07000142,10737,10994,11355,11885,12147,12298,12729,13280,13839,14125,14969,15361,15625,15959,16435,16777,17216,17705,18243,18209,18870,19145,19633,19691
E07000037,9327,9613,10112,10651,11107,11503,12343,12957,13451,13935,14709,15048,15176,15200,15977,16467,17274,17577,18933,18891,19220,19360,19628,19695
E07000173,10090,10351,10831,11151,11784,12149,12672,13155,13519,14141,15066,15525,15873,15779,15900,16666,17178,17681,18245,18123,18573,18886,19607,19806
E07000134,10802,10976,11511,11971,12351,12625,13171,13595,13973,14344,15059,15146,15440,15674,16040,16555,17076,17366,18075,17884,18672,18958,19608,19831
E07000132,10412,10591,11037,11576,12040,12347,12886,13330,13825,14220,15042,15146,15585,15712,16057,16496,16933,17334,18196,17962,18775,19681,19642,19858
E06000061,10221,10374,10767,11404,11745,11877,12368,12843,13496,14112,15125,15390,15417,15327,15702,16343,16950,17443,18543,18461,18916,19358,19765,20022
E07000175,10781,11271,11578,12515,12844,13414,13673,14358,14703,14911,16148,16467,16450,16265,16351,16668,16995,17653,18950,18693,18959,20159,20684,20428
E07000133,11263,11536,11819,12309,12586,13070,13561,14108,14657,15149,15943,16072,16324,16327,16722,17298,17673,18249,19344,19395,20255,21378,21517,21397
E07000141,10686,10920,11365,11944,12320,12578,13179,13768,14478,14737,15762,16191,16282,16600,16950,17396,17704,18228,18933,18864,19395,20811,21660,21467
E06000062,10857,10950,11391,12250,12598,12747,13071,13539,14154,14805,15994,16037,15961,16042,17082,17781,18272,18823,20000,20147,20903,21975,22294,22354
E07000176,13701,13955,14505,15019,15584,15868,16205,16739,17190,17719,19080,19492,19415,19257,19221,20211,20775,21393,22259,22190,22537,23416,23676,23260
E07000131,16243,16410,16820,17678,17604,17829,18397,18991,19829,20235,21357,21420,20976,21127,21430,21853,22143,23225,24553,24104,24655,25023,25535,24853
E07000035,12930,13133,13316,14467,15174,15634,16325,17250,18334,18834,20019,20385,19977,20150,20533,21039,22187,22989,24864,24450,24549,25933,26016,25080
E06000017,14170,14537,14620,15310,15432,15523,16101,16754,17240,17807,18588,18784,19107,19360,19958,21058,21145,21724,23187,22730,23398,25074,26365,25552
E08000028,8202,8397,8757,9269,9459,9632,9803,10124,10267,10469,10703,10875,11235,11441,11639,12003,12234,12771,13414,13620,13749,14259,14656,14956
E08000026,9005,9036,9453,10280,10674,10957,10976,11505,11437,11633,12283,12538,12905,13134,13303,13517,13825,14076,14466,14678,14835,15270,15324,15296
E08000030,8844,9159,9487,9890,10045,10320,10400,10663,10724,10937,11253,11533,11917,12075,12296,12645,13146,13706,14261,14557,14959,15580,15666,15731
E06000021,8261,8341,8941,9329,9376,9506,9796,10124,10705,10846,11446,11605,11839,12009,12370,12736,13214,13465,14054,14092,14370,15203,15466,15799
E08000025,8810,9033,9392,10025,10352,10521,10669,10965,11018,11387,11675,11908,12168,12431,12548,12859,13166,13663,14239,14404,14539,15086,15468,15849
E08000031,8933,9190,9625,10048,10323,10510,10624,10915,11038,11243,11632,11948,12286,12378,12495,12760,13118,13538,14086,14438,14659,15191,15533,15911
E08000027,9622,9863,10254,10777,10947,11054,11226,11687,11839,12192,12467,12604,13120,13460,13659,14214,14663,15075,15766,15934,15971,16526,16795,17003
E07000192,8800,9106,9544,9867,10463,10630,10929,11007,11342,11929,12216,12609,13146,13229,13442,13936,14490,14820,15593,15717,16189,16791,17014,17154
E06000020,10091,10241,10501,10412,10309,10739,11301,11826,11824,12359,12906,13095,13392,13672,14207,14713,15044,15421,16228,16517,16533,17084,17427,17633
E07000195,9080,9382,9694,10156,10655,10933,11319,11497,11988,12603,13124,13729,14047,14134,14307,14790,15282,15645,16459,16357,16624,17221,17719,17754
E07000199,8270,8449,8951,9287,9864,10001,10431,10543,10813,11377,11600,12013,12636,12683,12921,13469,14077,14452,15184,15416,16022,16879,17588,17910
E07000219,8109,8202,8728,9267,9754,10031,10539,10959,11118,11639,11965,12372,13020,13092,13494,14095,14665,15113,16100,16524,16876,17310,17787,18044
E07000218,8926,9195,9605,10159,10655,11034,11536,12001,12297,12845,13386,13959,14516,14510,14843,15382,16051,16585,17869,18464,18605,18582,18945,18938
E07000237,9116,9370,9854,10137,10660,11120,11449,12017,12412,13135,13109,13349,13918,13798,14153,14589,15102,15484,16488,16816,17351,18040,18677,19043
E07000198,10070,10585,10944,11421,11962,12192,12521,12861,13323,13964,14519,15057,15215,15456,15638,16086,16681,17189,18341,18277,18706,19308,19356,19214
E07000236,9386,9902,10307,10665,11168,11566,11919,12609,13113,13705,13685,13870,14284,14152,14381,14853,15589,16151,17099,17508,18139,19264,19682,19392
E07000193,10474,10707,11249,11678,12203,12466,12705,12877,13220,13829,14241,14640,14967,15033,15161,15612,16258,16674,17651,17596,18099,19506,19471,19508
E07000239,9197,9692,9972,10264,10770,11202,11565,12147,12718,13440,13621,14029,14577,14594,14940,15490,16135,16598,17504,17861,18190,19037,19610,19519
E06000051,10705,11263,11432,11873,12091,12474,12919,13438,13710,14520,14989,15815,16290,16298,16631,16928,17325,17753,18929,19128,19519,20454,20784,20576
E07000220,11279,11603,12119,13008,13470,13826,14298,14798,14898,15400,15826,16255,16431,16356,16511,17138,17768,18390,19509,20103,20282,20387,20794,20671
E06000019,10158,10597,10868,11457,12009,12441,12830,13435,13812,14651,14972,15542,15977,16441,16941,17285,17912,18102,19181,19274,19345,20215,20824,20690
E07000197,10811,11242,11743,12506,13149,13469,13836,13967,14419,15052,15569,16044,16114,16231,16408,16821,17508,18093,19280,19178,19570,20312,21131,20810
E07000196,11195,11765,12055,12739,13233,13722,13960,14131,14742,15446,16176,16758,16770,16959,17079,17557,17910,18506,19797,19763,20150,20459,21571,21146
E07000194,12729,13280,13687,14564,15194,15676,15947,16070,16678,17294,18037,18604,18342,18634,18645,19086,19756,20458,21770,21751,22084,23629,23436,22796
E07000238,12804,13489,13613,14180,14645,14974,15170,15941,16755,17646,17959,18423,18544,18504,18848,19285,19984,20777,21977,22204,22314,23949,24053,23411
E08000029,12110,12434,12966,13918,15043,15472,15661,16012,16371,16632,17163,17389,17640,17771,18182,18817,19912,20573,22051,22140,22509,23427,23823,23566
E07000234,13722,14594,14893,15527,15821,16100,15983,16830,17742,18674,18949,19345,19206,19143,19465,19999,20786,21573,23117,23306,23441,24039,23778,23583
E07000235,12462,13111,13463,13970,14438,14962,14993,15639,16406,17342,17645,18075,18330,18347,18671,19092,19888,20568,21930,22278,22479,23652,24705,23857
E07000222,12935,13401,13906,14891,15228,15507,15726,16013,16247,16861,17554,18186,18347,18516,18970,19576,20402,21302,23181,24248,24249,25795,25521,25089
E07000221,15511,16092,16699,17882,18355,18757,19175,19762,20342,20877,21715,22488,22452,22628,22971,23896,24564,25722,27969,29189,28643,28769,29003,27839
E07000145,8751,8821,9060,9420,9870,9939,10145,10406,10679,10736,11276,11801,12364,12708,13129,13788,14117,14294,15164,14781,15064,16155,16256,16627
E07000148,9114,9372,9781,10324,10842,11079,11372,11574,11912,11970,12623,13151,13556,13877,14218,14756,15035,15101,15899,15464,15684,16129,17083,17078
E06000032,9245,8842,9368,9961,10542,10891,11172,11446,11665,11805,12188,12343,12551,12789,12973,13371,13664,14121,14618,15372,16231,16654,17034,17430
E07000202,8728,8711,9182,9873,10446,10805,11114,11387,11637,11999,12325,12884,13498,13527,13567,14101,14560,14732,15467,15662,16184,16483,16977,17697
E06000031,9853,10124,10923,11610,11893,12091,12070,12198,12543,13246,13885,14062,14051,14277,14406,14876,15345,16007,16735,16930,17196,17745,18232,18606
E07000143,9197,9383,9548,10081,10599,10764,11024,11316,11722,11881,12517,13077,13477,13957,14347,15008,15175,15500,16346,16801,17421,18227,18599,18678
E07000010,9210,9425,9930,10320,10559,11083,11275,11679,12512,12971,13153,13516,14142,14284,14574,15176,15776,16279,16889,17332,17682,17855,18492,18792
E07000076,9008,9067,9697,10125,10601,11018,11273,11679,12216,12640,13210,13881,14657,14874,15342,15968,16457,16746,17556,17849,18338,19011,19196,19216
E07000146,9383,9547,9929,10501,11133,11269,11462,11740,12273,12296,13017,13680,14134,14602,15055,15681,16092,16326,16993,17066,17800,18572,19362,19547
E07000071,10188,10536,11300,11973,12597,13141,13365,13896,14311,14669,15217,15683,16179,15964,16236,16779,17323,17444,18204,18460,18893,19618,19970,19752
E07000243,8997,9348,9669,10261,10956,11421,11489,11841,12234,12912,13536,13738,14708,14536,14680,15402,16229,16678,17576,17824,18536,19139,19759,19913
E07000073,8647,8639,9272,9516,10079,10462,10703,11153,11522,11903,12175,12696,13515,13467,13854,14495,14850,14994,16106,16715,17746,18449,19526,19961
E06000034,10094,10165,10463,10697,11127,11786,12213,12540,12955,13356,13978,14484,14807,15050,15159,15565,15980,16632,17400,17970,18471,19516,19937,20167
E07000244,10485,10677,10968,11948,12352,12708,13011,13504,14098,14503,15138,16061,16619,16842,17063,17694,18099,18625,19798,19756,20131,21087,20665,20504
E07000149,11417,11595,11860,12607,13240,13353,13523,13870,14472,14709,15604,16147,16137,16430,16749,17320,17433,17886,18938,19350,19781,20334,20841,20520
E07000245,9572,9636,10079,11011,11955,12298,12461,12969,13485,13861,14459,15301,15636,15649,15626,16461,17043,17277,18291,18476,18671,19744,20583,20527
E07000203,11328,11388,11541,12663,12909,13305,13513,13998,14547,14824,15307,16148,16540,16540,16576,17202,17654,18041,19213,19280,19733,20623,20966,20626
E07000144,12045,12038,12208,12998,13545,13780,13903,14260,14851,14977,15929,16602,16692,17251,17768,18366,18812,19342,20676,20233,20517,21104,21260,20789
E07000147,9584,9713,10000,10673,11358,11797,12079,12278,12852,13104,13859,14592,15279,16030,16359,16977,17364,17738,18647,18788,19387,20611,21290,20957
E06000033,10607,10848,11504,12197,12891,13382,13721,13769,14119,14518,15048,15311,15794,16062,16220,16664,17295,17768,18835,19149,19715,20597,20959,21165
E07000069,10508,10628,11329,11828,12414,12870,13123,13510,14050,14494,15104,15726,16367,16435,16778,17332,17700,18044,19151,19556,20200,21568,21723,21538
E07000066,11252,11437,12140,12644,13279,13679,13957,14408,14870,15265,15799,16338,16903,16835,16998,17563,17738,17870,18826,19332,19857,20889,21451,21716
E07000200,11194,11166,11521,12532,12907,13332,13467,13970,14661,15092,15771,16677,17252,17483,17589,18390,18813,19348,20514,20588,21050,22120,22227,21764
E06000056,12064,12108,12701,13431,13616,14202,14341,14677,15344,15819,16338,16854,17219,17707,17795,18419,19243,19519,20551,20947,21477,22297,22568,22220
E07000011,9840,10194,10906,11362,11585,12051,12261,12730,13820,14497,15043,15411,15947,16162,16263,17020,17744,18408,19290,19841,20414,21463,22090,22231
E06000055,11401,11391,11884,12438,12480,13012,13177,13604,14274,14823,15419,16006,16449,16819,17071,17467,17957,18432,19716,20239,20973,21940,22227,22285
E07000009,11996,12089,12860,13402,13539,14038,13646,14712,15712,16230,16680,17002,17095,17288,17334,17901,18629,19429,20445,20865,21207,22226,22565,22340
E07000067,11128,11293,12034,12614,13117,13570,13683,14173,14740,15064,15684,16281,16667,16653,16905,17496,18148,18595,19706,20163,20678,22024,22582,22402
E07000241,12206,12659,12874,13938,14722,15090,15272,15531,15732,16317,17101,17545,18104,17912,18070,18801,19692,20173,21236,21096,21440,21876,22640,22491
E07000074,12912,12731,13254,13696,14041,14413,14587,15000,15559,16041,16560,17276,17836,17910,18326,18890,19407,20097,21315,22028,22795,23317,22716,22804
E07000075,12739,12687,13236,13863,14455,14797,15069,15474,16060,16381,17052,17590,17932,17937,18251,18713,19189,19468,20753,21209,21770,22839,23104,22885
E07000095,11252,11628,11754,12511,13123,13459,13719,14002,14404,15071,15763,16146,17045,17056,17283,18104,19057,19581,20901,21228,22075,22724,23306,23222
E07000103,11659,12004,12495,13473,14335,14834,14968,15250,15663,16530,17366,17507,18198,17883,17830,18605,19406,19842,21124,21630,22483,23274,23611,23901
E07000096,12543,12967,13282,14477,15151,15470,15799,16251,16922,17806,18922,19395,19831,19698,19751,20556,21632,22451,23992,23871,24675,25916,25307,25044
E07000070,12449,12554,13422,14014,14649,14914,15111,15396,15839,16369,16974,17617,18272,18102,18339,18971,19537,20221,21431,22243,22905,24045,25079,25067
E07000099,12901,13431,13770,15004,15679,15842,16137,16416,17051,17928,18910,19359,19892,19910,20040,20989,22048,22760,24364,24478,25119,26197,26015,26083
E07000008,11744,12031,12787,13533,13801,14506,14481,15123,15655,16549,17450,17769,18204,18017,17955,18842,19889,20962,22119,22924,23415,24309,25966,26184
E07000012,14208,14820,15595,16573,16546,17088,16863,17639,18925,19621,20390,20780,20552,20647,20716,21431,22483,23529,24969,25294,25687,26982,26967,26615
E07000242,13803,14215,14649,15870,16553,16763,17067,17486,18177,19060,20113,20563,21093,21061,21278,22170,23389,24112,25673,25672,26376,27835,28057,27366
E07000077,15518,15685,16489,17536,18035,18288,18286,18979,19839,20154,20775,21405,21316,20856,21171,22043,22379,22678,25029,25113,26112,28069,28275,27562
E07000102,15586,16398,16237,17629,18610,18538,18938,19495,20339,21358,22736,23300,23334,23628,23753,24777,26140,27118,29038,28794,29431,29724,30596,29615
E07000068,16576,16685,17640,18773,19356,19768,20030,20576,21379,21871,22794,23526,23463,23150,23260,24027,24574,25315,26984,28042,28784,30602,30300,29853
E07000072,15090,15428,16006,16968,17417,17695,17910,18582,19653,20152,21172,22090,21926,21929,22386,23190,23838,24472,27385,27415,28673,30708,30633,29975
E07000098,15324,15935,16217,17495,18191,18396,18925,19623,20482,21347,22678,23218,23160,23224,23278,24329,25726,27107,29073,29068,29572,31164,31015,30288
E07000240,16019,16665,16981,18519,19398,19539,19846,20190,20967,21914,23184,23569,24061,24083,24039,25260,26488,27576,29392,29509,30332,32326,32868,32047
E09000002,8842,9089,9510,9999,10657,11049,11713,12311,12743,13093,13837,14202,14169,14275,14348,15106,15353,15565,16270,16625,17003,18148,18832,19265
E09000025,5561,6083,6839,7839,8400,8704,9436,10297,11515,12534,13295,13479,13590,13569,13552,14210,14872,15148,16462,17034,17813,18996,19946,20102
E09000017,10279,10764,11614,12429,13150,13628,14380,15008,15783,16196,17126,17590,17543,17944,17894,18873,19770,20016,21485,21921,22063,22953,23688,23621
E09000004,11663,11776,12247,12888,13708,14012,14535,15034,15519,15964,16917,17375,17488,17874,17945,18870,19418,19881,21207,21760,21897,23001,23790,23758
E09000026,11347,11580,12043,12933,13641,13941,14319,14889,15463,15760,16697,17079,16896,17190,17148,18247,18639,19078,20826,21119,21904,23508,23808,23865
E09000016,11207,11662,12107,13106,13892,14193,14727,15219,15754,16152,17327,17881,17704,18189,18337,19407,20028,20262,21725,22298,22551,23838,24274,24055
E09000010,10853,11228,11604,12564,13313,13446,13996,14677,15288,15746,16922,17443,17360,17557,17558,18708,19147,19849,21461,21969,22037,23094,24105,24188
E09000008,10174,10553,11344,12346,12946,13386,14142,14948,15757,16266,17291,17632,17401,17756,17981,19012,19657,19959,21498,21855,22254,23846,24676,24636
E09000011,13728,13786,14438,15197,15751,15841,16258,16726,17185,17508,18443,18817,18700,18870,18748,19317,20021,20565,21621,22039,22270,23384,24424,24761
E09000023,8727,9049,9830,10707,11151,11441,12089,12873,13854,14841,15858,16122,16338,16990,17255,18286,19050,19937,21329,21718,22463,23652,24762,24991
E09000029,12041,12406,13082,14118,14531,14812,15463,16283,17123,17642,18668,18982,18656,19145,19389,20518,21261,21547,23062,23448,23441,24961,25534,25227
E09000031,10594,10801,11470,12209,13156,13554,14193,14732,15324,15720,16589,16840,16809,17109,17209,18394,19149,19841,21504,22080,22891,24304,25278,25486
E09000012,7273,7980,8818,9987,10573,10910,11343,12214,13339,14484,15809,16306,16698,17208,17549,18506,19936,20742,22507,23203,23437,24670,25852,25952
E09000030,13130,13348,14069,15107,15526,15546,16026,16843,17850,18814,19924,20184,20285,20452,20344,21161,21749,22095,23598,24474,24602,25629,26246,26175
E09000005,10784,11226,12065,12904,13436,13966,14638,15165,16187,16561,17585,18011,18163,18349,18501,19853,21043,21911,23510,23724,24089,25650,26226,26438
E09000018,14207,14442,15128,15911,16443,16757,17541,17984,18546,18926,19562,19908,19753,19760,19608,20855,21769,22403,24143,23758,24139,25684,26684,26951
E09000021,14471,14670,15409,16489,16803,16995,17665,18440,19157,19603,20899,21203,20895,21269,21409,22606,23436,23735,25073,25396,25309,27550,27532,26963
E09000015,12769,13473,14213,15241,15879,16346,17059,17495,18285,18607,19947,20487,19872,20350,20513,21905,23193,23970,25845,26406,26808,28292,28374,27854
E09000028,11155,11605,12455,13532,13813,14060,14703,15538,16600,17538,18754,19140,19138,19759,19924,20975,21886,23090,24677,25048,25585,27540,28014,27878
E09000009,12886,13217,13953,14767,15324,15695,16421,16926,17641,18103,19170,19677,19629,20085,20258,21674,23008,24276,26253,26354,26409,27477,28128,28337
E09000006,13808,14431,15174,16289,16824,17136,18067,19123,20010,20606,21773,22021,21707,22229,22622,23912,24614,25618,27424,27690,27734,29385,30025,29854
E09000014,13974,14243,15164,16162,16501,16715,17062,17985,19043,20075,21445,21538,21508,22112,22396,23820,24325,25370,27028,26523,27625,29024,30049,30099
E09000022,11041,11344,12339,13477,13739,13972,14418,15228,16249,17291,18609,18986,19053,19679,19820,20920,21864,22836,25844,27077,27151,29092,30035,30386
E09000003,12615,13265,13976,15155,15672,16163,16923,17522,18604,19380,20670,21276,21004,21445,21570,23076,24030,25271,28080,28717,29068,30624,31136,30460
E09000019,16617,16769,18299,19601,20003,20416,20739,21779,22933,24543,26333,26968,26710,27283,27059,28345,28811,29585,31199,30669,30741,32300,33261,32756
E09000024,15972,16388,17205,18294,18622,19004,19917,21187,22134,22634,23999,24472,23871,24694,25009,26347,27720,28635,30517,30954,31024,33008,34422,34102
E09000032,13802,15350,17080,19253,19833,19741,20120,21666,24062,26166,29249,30400,30496,29325,28077,29987,32826,34708,36632,37589,37794,39853,40665,40793
E09000007,16075,17822,19004,21065,20960,20976,21301,23045,25558,28076,31379,34307,34190,33086,31706,34063,37391,37995,40397,40774,41510,44243,44009,41810
E09000027,21361,21769,22639,24257,24618,24775,25295,25942,27037,28168,30333,31355,31175,31631,31752,33906,35578,36885,39980,39187,39495,42504,43400,43037
E09000013,21077,21234,22403,24194,24179,23595,24404,26060,28114,30242,33157,34675,34495,33777,32539,34811,38925,41268,42654,41819,42608,44109,43730,43998
E09000033,20955,21757,23748,25781,26160,25842,26303,28111,30396,33225,37454,40370,40834,40456,39513,42779,46942,49486,52695,53894,53729,54284,52926,48382
E09000020,34846,34560,35735,38233,37352,36662,37258,39941,42827,47726,54450,59110,58835,56774,56104,62152,68981,74087,77467,76952,78689,84897,82283,79325
E09000001,90955,100333,93408,99183,97691,99214,104460,112215,126070,135758,145091,160358,158242,152611,148259,179835,218893,226637,227911,217301,214667,208106,179272,147813
E06000044,9337,9375,9907,10762,10729,11159,11232,11274,11282,11517,12178,12540,13170,13092,13250,13341,13953,14212,15236,15546,15934,16636,17121,17337
E06000045,9585,9486,9633,10276,10590,11003,11120,11469,11628,12162,12915,13110,13463,13452,13634,13917,14333,14601,15157,15647,16226,16993,17391,17548
E07000062,8605,8860,9150,9346,9709,10165,10491,10753,11111,11676,12419,12879,13659,14087,14157,14839,15582,15578,16155,16610,17024,18047,18324,18658
E07000088,8591,8718,9411,9891,10542,11071,11359,11782,12076,12472,13008,13389,14197,14296,14727,15547,16294,16336,17012,17005,17444,18030,18587,18792
E07000106,9093,9395,9944,10768,11325,11787,11845,12293,12800,13161,13959,14342,14938,15138,15377,15797,16306,16623,17315,17502,17782,18476,18866,18950
E06000046,9797,10012,10286,10796,11571,11865,11957,12487,13081,13719,14377,14747,15533,15778,16018,16188,16592,16574,17183,17301,17722,18630,19184,19142
E07000114,8558,8725,9221,9819,10363,10775,11136,11663,12211,12750,13404,13842,14711,14933,15292,15844,16332,16632,17199,17622,18022,18666,19109,19524
E06000039,10529,10669,10899,11579,11857,12235,12635,13018,13374,13719,14344,14516,14534,14284,14496,15089,15886,15938,16789,17179,17855,18588,19359,19632
E07000061,10681,10906,11449,12094,12570,12874,13070,13191,13594,14085,15098,15512,16013,16599,16485,17008,17837,18036,18952,19289,19591,19879,19841,19941
E06000035,10803,10602,11053,11688,12128,12464,12594,13214,13643,14067,14792,15098,15626,15632,15880,16210,16509,16851,17816,18208,18584,19333,19796,19988
E07000223,8966,9439,9835,10467,11172,11394,11585,11999,12727,13241,13763,13972,14589,14828,15287,15985,16649,16791,18022,18447,19095,19663,20171,20055
E07000108,8769,8971,9498,10158,10722,11211,11446,11987,12542,13147,13877,14277,15041,15247,15603,16360,17016,17431,18357,18741,19072,19787,20143,20173
E07000226,11005,11047,11390,11861,12383,12687,12968,13419,13787,14194,14583,14713,15208,15150,15462,15927,16753,16788,17437,18052,18708,20109,20586,20533
E07000113,10519,10650,11136,11749,12141,12567,12749,13281,13785,14265,14892,15243,15696,15801,16056,16534,17154,17556,18388,18924,19378,20245,20679,20592
E07000112,9959,10229,10697,11484,12007,12508,12674,13185,13730,14209,15024,15454,16099,16243,16508,17169,17838,18237,19261,19585,20062,20431,20642,20727
E07000090,10481,10676,11089,11761,12400,12970,13140,13752,14276,14808,15706,16173,16783,16878,17165,17983,18826,19225,19977,19989,20158,20598,20851,20776
E07000109,9988,10087,10486,11092,11515,12030,12206,12672,13065,13529,14280,14630,15169,15270,15591,16077,16639,16988,17875,18540,19255,19802,20887,21065
E07000107,11633,11696,12285,13117,13604,14126,14313,14643,14997,15437,16341,16587,16893,16958,17138,17633,18120,18500,19494,20122,20416,21259,21265,21261
E07000092,10483,10245,10706,11320,11654,12132,12387,12892,13126,13478,14066,14414,15194,15345,15625,16383,17201,17373,18501,18708,19652,20461,21283,21608
E07000224,11115,11645,11839,12612,13307,13541,13718,14072,14794,15413,16137,16412,16852,17194,17567,18288,19058,19185,20500,20798,21347,22121,21899,21716
E07000229,10096,10633,10957,11717,12398,12751,12961,13324,13945,14614,15136,15347,15901,16136,16451,17142,17861,18120,19348,19635,20391,21616,21787,21783
E07000105,12761,12818,13146,14006,14337,14584,14626,15178,15582,16075,16763,17096,17488,17616,17715,18391,19079,19455,20185,20675,20995,21399,21773,21885
E07000086,12017,12247,12535,13214,13785,14382,14577,15226,15704,16089,16997,17486,17968,17831,18051,18895,19627,19967,20982,20981,21181,22189,22542,22217
E06000042,11097,11266,11643,12327,12684,13403,13650,14425,14947,15454,16260,16685,16690,17012,17067,17461,17816,18315,19625,20016,20742,21798,22038,22371
E07000178,10960,11146,11611,12420,12891,13236,13211,13649,13660,14803,15272,15531,16229,15884,16048,16902,17530,17827,19224,19319,20222,21127,22413,22487
E06000043,11980,12075,12586,13415,13963,14358,14520,15096,15928,16205,16837,17357,17880,17746,17940,18344,18977,19383,20635,20884,21560,22501,22981,22750
E07000064,12043,12134,12758,13560,14304,14662,14959,15193,15880,16547,17729,18212,18758,19341,19357,19895,20904,21050,22117,22383,22671,23413,23035,22776
E07000087,11347,11575,12107,12826,13315,13808,13945,14516,15114,15714,16603,17050,17661,17695,18046,18968,19680,19986,20951,20865,21150,21999,23042,22820
E07000110,12469,12567,13112,14087,14606,14816,14991,15626,16172,16723,17482,17780,18069,18106,18249,18922,19680,20026,20708,21297,21717,22757,23108,23047
E06000038,11762,11856,12344,13397,13549,13962,14161,14538,14916,15524,16563,16930,17130,16973,17376,18121,18895,19105,20134,20581,21343,21965,23602,23754
E07000063,12374,12617,12953,13678,14196,14436,14625,15016,15808,16457,17895,18304,18454,18842,18896,19302,20213,20538,21944,22212,22514,23178,24305,23757
E06000036,12007,12296,12604,13563,13849,14205,14468,14809,15455,16275,17383,17825,18202,18188,18571,19313,20166,20301,21431,22109,22688,23158,23964,23905
E07000177,11869,12079,12616,13382,13717,14053,14190,14812,15222,16286,16756,17071,17698,17531,17909,18766,19506,20222,21732,21896,22551,23557,24558,24409
E07000065,13765,13939,14601,15503,16021,16307,16429,16766,17614,18352,19855,20425,20450,21074,20762,21235,22200,22461,23846,24128,24456,24901,25354,24538
E07000091,12169,12433,12867,13776,14315,14667,14887,15498,16066,16772,17670,18292,18960,18975,19295,20344,20663,21115,22724,22891,23570,24256,24962,24645
E07000115,14296,14148,14551,15457,15791,16064,16112,16769,17186,17784,18406,18692,19070,19136,19392,20131,21053,21585,22929,23039,23503,24581,24933,24780
E07000093,13228,13386,13857,14859,15357,15775,15905,16622,17187,17981,18970,19614,20174,20222,20510,21586,21915,22244,23725,23797,24345,25674,25775,25404
E07000212,13449,13884,14681,14992,15264,15786,15935,16586,17561,18811,19403,19614,19993,19858,20383,20890,22002,22609,23923,23805,24463,26288,26254,25669
E07000180,13475,13839,14201,15214,15373,15824,16035,16634,17163,18389,18991,19529,19931,19831,20153,21128,21831,22634,24311,24063,24517,25286,25770,25717
E07000084,14504,14773,15066,15944,16386,16710,16822,17545,17940,18486,19609,20044,20211,20058,20215,21063,21851,22237,23765,23726,24639,25735,25911,25773
E07000228,15886,15932,16196,17363,17908,18064,18242,18813,19553,20133,20826,20924,20928,20978,21303,21988,22862,23180,24306,24830,25325,26180,27075,26666
E07000181,14763,15174,15523,16813,16909,17297,17325,18028,18608,19669,20328,20845,20818,20513,20962,21649,22350,23383,25419,25418,25936,27689,27346,26690
E07000213,12665,13232,13969,14437,14912,15401,15556,16031,16879,17941,18432,18652,19360,19382,19829,20757,21830,22273,23707,24338,25141,26447,26794,26788
E07000085,14406,14975,15533,16605,17068,17488,17694,18494,19315,20094,21198,21874,22094,22060,22197,23174,23796,24507,26275,26523,27119,27888,28293,27409
E06000037,14283,14576,14994,16097,16214,16544,16733,17154,17958,18813,20224,20575,20565,20514,21063,21887,22757,23302,24913,25360,25990,26725,27986,27540
E07000225,14587,15072,15115,16468,17114,17511,17768,18562,19567,20325,21227,21507,21412,21713,22161,22965,23898,24531,26100,26254,26772,27728,28327,27604
E07000227,16755,16993,17136,18192,18538,18874,18925,19501,20363,21076,21905,22242,22149,22368,22875,23682,24613,25143,26286,26463,26795,27991,28237,27614
E06000041,15129,15275,15795,16828,16730,17176,17474,17881,18698,19581,21170,21518,21515,21497,22001,22775,23664,24281,25973,26250,26512,28461,28219,27717
E07000208,15317,16086,16720,17586,17974,18396,18470,18920,19970,21435,22166,22195,22081,22201,22602,23680,24487,24849,26933,27043,27634,28348,28184,27999
E07000094,14476,14670,15176,16445,17064,17412,17400,18315,19003,19729,20838,21340,21501,21484,21705,22698,23240,23679,25253,25009,25770,27565,28550,28125
E07000116,15353,15278,15732,16736,17137,17352,17416,18260,18921,19646,20386,20548,20789,20752,20904,21687,22613,23361,25384,25313,25965,28119,28608,28187
E06000060,14893,15194,15791,16787,17433,17739,17808,18556,19241,20687,21565,22091,22604,22483,22674,23298,24072,24798,26527,27052,27689,28568,29084,28487
E07000209,15906,16561,17044,17792,17911,18405,18487,19204,20418,21698,22757,22992,22808,22932,23078,24109,25204,25742,27331,27069,27499,28907,29263,28519
E07000089,16236,16460,16848,17998,18367,18626,18501,19110,19511,20029,21167,21689,22091,22100,22447,23538,24447,25027,27027,26883,27398,28684,29207,28888
E07000211,15357,16178,16702,17489,17675,18205,18382,19054,20303,21721,22634,22772,22601,22528,22667,23831,24833,25281,27082,27130,27600,28446,29382,28909
E07000217,15071,15727,16458,17243,17431,18016,18116,18688,19705,20852,21428,21525,21688,21580,21691,22900,24073,24876,26733,26823,27851,28870,29116,29124
E07000215,15276,15832,16376,16903,17140,17772,18015,18514,19693,21195,22107,22372,22292,22459,22789,23875,24870,25382,27298,27213,27699,29423,29981,29371
E07000179,15638,15750,16235,17677,17721,18194,18433,19225,19958,21220,22119,22536,22798,22705,22954,24007,24924,25768,28047,27886,28539,29477,30858,30181
E07000214,15073,15763,16356,17043,17397,17931,18035,18357,19311,20621,21417,21668,21987,22063,22517,23810,25080,25613,27295,27472,28421,29757,30574,30266
E07000111,17389,17389,17691,19229,19760,20032,20144,21122,21813,22702,24019,24769,24837,24887,25236,26066,27087,28279,30288,30093,30624,31293,31255,30816
E07000216,17077,17710,18296,19113,19358,19880,19823,20445,21846,23460,24477,24800,24766,24869,25305,26605,27885,28736,30879,30746,31197,33368,33146,32525
E06000040,17889,18606,18943,20312,20331,20731,20887,21151,22115,23003,24804,25201,25122,24924,25335,26276,27428,28389,30215,30644,31214,31956,33364,32768
E07000210,17353,18291,18681,19671,19857,20402,20100,20764,22346,23880,25022,25354,25361,25374,25876,27460,28416,29125,31458,31599,32438,33909,34305,33870
E07000207,21875,22662,23325,24350,24683,24973,24640,25539,26858,28632,29890,30493,30992,30889,31420,32978,34666,35479,38071,37955,38792,40421,41916,40710
E07000041,9114,9135,9610,9915,10447,10916,11118,11732,12034,12794,13277,13861,14482,14360,14465,14893,15292,15395,15887,15958,16482,17445,17691,17574
E06000026,9210,9444,9737,10326,10561,10719,11060,11453,11695,12148,12690,13104,13385,13978,14201,14369,14758,15111,15597,15674,16314,16941,17472,17671
E07000046,10036,10102,10431,10538,10946,11311,11481,11844,12336,12934,13402,14011,14741,14848,14940,15436,15922,16244,16938,16964,17424,18286,18369,18200
E07000081,9480,9566,9970,10294,10899,11041,11290,11728,12393,13041,13116,13484,14030,14183,14463,14884,15567,16206,16628,16783,17131,17377,18110,18443
E06000027,9940,10012,10414,11233,11242,11409,11755,12151,12874,13431,13742,14418,14633,14985,15265,15650,16151,16660,17073,17359,17738,18374,18679,18765
E06000052,9852,10051,10199,10763,11348,11805,11965,12365,12822,13462,14054,14439,14680,15134,15495,15887,16167,16524,17094,17438,18088,18597,19112,19180
E07000080,9581,9556,9974,10389,10816,10890,11033,11492,12334,13041,13399,13934,14282,14778,15106,15513,16212,16898,17577,17653,18002,19052,19466,19550
E07000246,10159,10458,10823,11158,11625,11849,12185,12633,13177,13943,14431,14921,15167,15745,16063,16438,16881,17463,18103,18106,18582,19392,20078,19977
E07000042,11132,11200,11570,11842,12258,12584,12617,13069,13695,14387,14869,15407,15714,15626,15781,16274,16954,17274,18220,18395,18849,19965,20289,19998
E07000043,10407,10584,11029,11317,11829,12123,12340,12740,13276,13985,14497,15135,15625,15759,15849,16536,17140,17568,18529,18663,19163,19450,20278,20094
E07000188,10472,10691,11123,11444,11955,12068,12388,12938,13390,14115,14568,15067,15228,15695,16010,16336,16625,17008,17656,17647,18188,19488,20376,20320
E06000023,10330,10456,10917,11600,12076,12204,12403,12820,13043,13673,14351,14738,14679,15153,15512,15763,16324,16869,17826,18323,18854,19710,20521,20523
E06000030,11131,11519,12125,12853,13398,13745,13899,14109,14536,15074,15424,15698,16029,15907,16157,16543,17003,17579,18302,18711,19082,19954,20570,20549
E07000045,10862,10982,11295,11611,12089,12490,12658,13128,13816,14644,15261,15939,16417,16568,16793,17385,17987,18360,19143,19348,19744,20792,21188,20982
E07000189,11358,11715,12094,12640,13227,13198,13737,14341,14825,15700,16339,16956,16759,17347,17672,17942,18311,19097,19902,19895,20441,20711,21370,21097
E07000083,11795,12379,12823,13476,13949,13896,13935,14641,15675,16517,17180,17738,17751,18010,18231,18797,19519,20269,21150,21054,21099,21446,21452,21122
E06000058,11531,11769,12320,13077,13470,13598,13938,14423,15023,15793,16511,16762,16362,16807,17105,17447,18141,18494,19625,19633,20095,21098,21790,21539
E06000025,11566,11998,12530,12820,12961,13136,13499,13790,14352,15218,15833,16446,16362,16566,16929,17468,18185,18759,20210,20253,20531,22058,21924,21737
E07000187,11782,12236,12427,12827,13336,13421,13946,14573,15161,16036,16721,17310,17139,17737,18071,18294,18768,19539,20397,20377,20927,22281,22195,21833
E07000047,12576,12668,12995,13198,13688,13953,14170,14715,15552,16441,17051,17608,17639,17725,17920,18608,19252,19687,20940,20953,21257,21995,22085,21837
E07000040,11971,12283,12555,12906,13376,13816,13937,14296,14997,15840,16475,17233,17656,17813,18032,18470,19052,19478,20400,20411,20757,21852,22438,21980
E06000022,12473,12887,13506,13886,13980,14008,14517,14819,15542,16542,17220,17903,17799,18187,18510,19000,19723,20317,21777,21728,21903,22730,23437,22599
E06000059,11658,12083,12445,13051,13425,13687,14173,14481,15052,16090,16663,17166,17038,17658,18246,18724,19326,19931,20740,20814,21242,22246,22793,22657
E07000078,11402,11556,12064,12765,13228,13289,13389,14008,14924,15689,16136,16680,16637,17007,17195,17766,18677,19547,20544,20652,20984,22179,22942,22719
E06000024,12286,12629,13245,13593,13689,13800,14210,14565,15173,16035,16592,17296,17401,17657,18126,18713,19459,19985,21467,21468,21753,22497,23145,22758
E06000054,11802,11872,12342,13284,13719,13963,14338,14735,15343,16047,16670,17034,17041,17368,17818,18232,19095,19707,20645,20737,21396,22656,23378,22987
E07000082,12051,12191,12711,13583,14018,14047,14079,14782,15870,16677,17409,17981,17843,18156,18379,18966,19792,20717,21666,21654,21875,23241,23565,23054
E06000053,13468,13725,13365,13957,14221,14602,15045,14347,14615,16114,15509,15472,17495,18192,19166,19172,18931,18617,19512,20417,22371,22118,22958,23228
E07000044,13266,13615,13705,14124,14839,15293,15527,16123,17078,17903,18781,19773,19871,20101,20276,20870,21505,22194,23591,23705,24125,25172,25651,24994
E07000079,16728,16889,17563,18866,19215,19068,19003,19925,21409,22381,23533,24404,23999,24781,24761,25595,26688,28070,29749,29729,29475,30999,31887,30536
E12000001,9253,9321,9678,10284,10696,10896,11182,11667,11944,12396,12756,13041,13589,13838,14040,14637,14935,15265,15872,15992,16332,16861,17266,17416
E12000003,9629,9899,10384,10936,11237,11542,11847,12209,12568,13014,13584,13758,14101,14182,14468,14907,15302,15669,16435,16451,16919,17659,18033,18119
E12000005,9833,10148,10537,11109,11486,11763,12005,12392,12655,13123,13529,13884,14189,14349,14584,14997,15486,15977,16855,17075,17294,17988,18324,18363
E12000004,9825,10027,10476,10982,11384,11669,12092,12522,12926,13351,14154,14329,14537,14578,14921,15447,15897,16322,17181,17134,17604,18271,18728,18844
E12000002,9753,9918,10443,11014,11347,11665,12003,12424,12865,13303,13872,14105,14594,14730,14918,15416,15864,16227,17041,17094,17570,18276,18733,18900
E12000009,11087,11323,11737,12308,12719,12932,13216,13650,14223,14975,15560,16058,16137,16500,16819,17239,17830,18366,19263,19398,19850,20762,21308,21117
E12000006,11336,11535,12029,12787,13303,13668,13874,14274,14851,15330,16020,16551,16956,17081,17278,17943,18563,19076,20224,20493,21059,22011,22394,22310
E12000008,12879,13127,13578,14429,14834,15227,15367,15916,16549,17332,18204,18580,18930,18970,19228,19953,20716,21164,22495,22733,23281,24245,24762,24551
E12000007,13075,13523,14382,15547,16061,16299,16915,17798,18891,19825,21315,21964,21840,21983,21887,23263,24508,25419,27243,27575,27936,29561,30155,29890
N92000002,8686,8725,9065,9611,9840,10392,10821,11404,12036,12624,12951,13182,13318,13521,13886,14144,14713,15119,15680,15860,16359,16940,17395,17301
W92000004,9402,9457,9895,10574,10948,11267,11651,12087,12437,12853,13267,13795,13788,14011,14297,14760,14999,15374,15918,15942,16436,17179,17435,17592
S92000003,9734,9971,10350,11071,11555,11991,12330,12893,13376,14024,14791,15404,15577,15807,16167,16679,17227,17569,18165,18202,18558,19181,19644,19706
K02000001,10757,10998,11498,12216,12631,12951,13277,13785,14333,14937,15677,16089,16341,16500,16731,17376,18003,18503,19529,19686,20126,21019,21475,21440
K03000001,10818,11065,11570,12292,12713,13026,13349,13855,14400,15006,15757,16175,16431,16589,16815,17471,18100,18603,19642,19798,20236,21138,21594,21561
K04000001,10925,11172,11689,12411,12825,13126,13447,13947,14498,15099,15849,16248,16512,16662,16876,17546,18182,18699,19779,19946,20391,21318,21773,21730
E92000001,11016,11274,11795,12519,12935,13235,13553,14057,14619,15231,16000,16391,16670,16816,17024,17706,18364,18888,19997,20171,20613,21550,22016,21962
N09000005,6993,6998,7348,7720,8083,8828,9400,10101,11025,11542,11724,11705,11889,12277,12658,12949,13404,13827,13994,14194,14560,14915,15538,15470
N09000006,7625,7679,8066,8385,8635,9058,9862,10686,11492,12122,12322,12299,12353,12557,12940,13142,13412,13706,14641,14987,15485,15892,16480,16395
N09000010,8423,8512,8828,9298,9446,9952,10523,11139,11982,12676,12899,13035,13088,13236,13711,13830,14338,14689,14829,15151,15679,16347,16812,16657
N09000002,8567,8623,8953,9256,9521,10071,10539,11259,11884,12660,13115,13247,13249,13534,13828,13841,14573,15294,15775,15526,15870,16359,16741,16666
N09000003,9758,9846,10160,10749,10985,11409,11486,11829,12135,12635,12819,13416,13664,13778,13962,14223,14758,14907,15273,15295,15621,16346,16757,16744
N09000004,7059,7032,7379,7844,8342,9109,9587,10175,11136,11698,11795,11689,12075,12490,13102,13288,13758,14201,15364,15866,16463,16897,17264,17127
N09000009,7696,7746,8122,8575,8716,9146,9908,10736,11451,12038,12264,12170,12177,12381,12812,12924,13432,14072,14703,15177,16186,16797,17315,17154
N09000008,9254,9301,9616,10341,10326,10933,11383,11974,12522,13185,13686,14023,14158,14296,14645,15061,15668,16275,16975,17045,17381,18026,18220,18022
N09000001,9345,9351,9717,10510,10672,11275,11644,12204,12689,13216,13811,14160,14254,14333,14803,15207,15819,16275,16611,16420,16963,17444,18064,18102
N09000011,9535,9564,9910,10548,10797,11417,11758,12242,12842,13450,13948,14350,14490,14694,15103,15445,16137,16342,16846,17300,18057,18638,19300,19120
N09000007,9415,9400,9808,10716,10955,11526,11974,12511,13091,13535,14133,14453,14536,14672,14953,15583,16396,16796,18046,18442,18880,19661,19902,19795
S12000049,8968,9137,9613,10333,10726,11134,11554,11895,12138,12755,13523,13753,13898,13850,13967,14343,14531,14907,15352,15560,15756,16056,16260,16543
S12000042,8079,8296,8716,9261,9858,10335,10516,10950,11013,11558,12278,13143,13243,13102,13416,13773,14437,14625,14938,14940,15054,15587,16352,16686
S12000008,8956,9074,9184,10057,10654,11189,11503,12201,12633,13085,13914,14092,14157,14647,14828,15010,15712,16114,16394,16403,16753,17011,17510,17681
S12000050,8857,9038,9388,10066,10482,10852,11119,11488,11956,12190,12982,13534,13608,13752,14014,14391,14889,15546,15993,16411,16636,17193,17660,17831
S12000021,8191,8268,8410,9092,9702,10273,10567,11128,11504,12009,12716,13017,13380,13956,14098,14470,15179,15458,15923,15889,16284,17201,17442,17879
S12000039,7105,7404,8589,9103,9537,9826,10213,10544,10860,11515,11757,12316,12798,13082,13418,14013,14297,14408,14967,15151,16006,16911,17588,17937
S12000047,9064,9413,9752,10379,10720,11244,11557,12076,12392,12512,13539,14185,14389,14623,14843,15293,15903,16217,16892,17086,17515,17879,18211,18369
S12000006,9319,9538,9715,10225,10506,10957,11324,11884,12053,12811,13629,14412,14935,15166,15353,15901,16333,16564,17366,17590,17840,18227,18663,18781
S12000020,7866,8046,8368,8730,9117,9397,9501,9770,10030,11185,12193,14331,14398,14685,14579,15368,15781,16233,16867,16872,17497,18277,18774,18827
S12000040,8594,8892,9555,10553,11104,11628,12097,12377,12589,13338,14576,14550,14295,14630,14915,15365,15900,16449,16743,17350,17762,18508,18797,18990
S12000018,8558,8742,9176,9901,10558,10671,10965,11328,11758,12322,12857,13576,13888,14050,14320,14888,15449,15696,16681,16771,17338,18089,18773,19079
S12000023,7790,8451,9073,8769,9320,9600,9700,10809,11099,12205,13690,14597,15419,16118,16899,17463,17740,17889,17962,17994,18395,19022,19328,19159
S12000013,8596,8844,8848,9285,9865,10431,10677,10996,11639,11366,12581,13133,13568,14065,14271,14493,14763,15254,16663,16572,16976,18138,19112,19173
S12000014,8917,9093,9741,10176,10773,11177,11633,12086,12516,13263,13992,14539,14403,14314,14898,15573,15965,15905,16457,16740,17429,18492,19195,19309
S12000038,9410,9618,10163,10897,11648,11760,12062,12285,12708,13322,13832,14498,14896,14872,15053,15518,16142,16375,17251,17296,17744,18393,19139,19354
S12000028,9561,9750,10179,10740,11392,11861,12543,13230,13566,14416,14778,15474,15780,16263,16705,17325,17820,18057,18602,18466,18768,19184,19394,19488
S12000029,9852,10157,10554,11203,11421,12166,12244,12881,13526,13864,14579,15071,15204,15627,15987,16417,16720,16895,17738,17824,18277,19087,19521,19752
S12000041,10988,11093,11337,12441,13033,13541,13577,13944,14096,14527,15485,16410,16151,16122,16482,16954,17709,18265,18914,18926,18970,19587,19882,19777
S12000017,9602,9763,9999,10535,11083,11565,11707,12096,12485,13535,14102,15579,15895,16219,16204,16923,17566,17834,18529,18655,19074,19563,20185,20154
S12000019,8945,9151,9699,10129,10443,10863,11876,12733,13382,14073,14658,15323,15750,16417,16779,17135,18170,18530,18987,19012,18998,19789,19937,20228
S12000026,9463,9866,10076,10839,11209,11669,12534,13227,13812,14483,15137,15766,16010,16438,16727,16742,17464,18423,18815,19059,19463,19728,20145,20289
S12000035,8046,8263,8578,9488,9931,10527,10832,11310,12002,12860,13496,14517,15174,15726,15722,16571,16572,16786,17496,17875,18386,19472,20294,20422
S12000005,9479,9831,10258,10925,11368,11987,12539,13279,13596,13739,14499,15124,15707,16044,16343,17022,17713,18101,18626,18779,19167,19453,20521,20569
S12000033,10222,10417,10416,11219,11862,12379,12738,13824,14845,15718,16794,17583,17889,18185,19030,19758,20881,21315,21443,20392,20584,20884,21138,20792
S12000030,11599,11801,11769,12399,13103,13000,13555,14924,15282,16393,17136,17484,17526,17606,18482,18969,19353,19450,19917,19853,20183,20650,21151,21202
S12000027,9334,9166,9485,10695,10584,10625,11055,11864,12390,13378,13871,15214,16768,16951,16921,17488,18255,19396,20291,20350,20348,20431,21537,21395
S12000048,11163,11417,11438,12172,12896,12902,13435,14601,15009,16111,16647,16743,16772,16930,17873,18267,18795,18852,19493,19492,19917,20911,21634,21636
S12000034,11881,12065,11924,12776,13332,13703,13783,14566,15676,16429,17485,18400,18778,19218,20169,20871,22099,22492,22715,21404,21516,22533,23089,22730
S12000036,11871,12277,12878,13716,14350,14901,15277,15839,16493,17433,17977,18335,18326,18418,19030,19787,20051,20222,21078,21295,21845,22706,23303,23001
S12000010,11288,11593,12119,12767,12881,13079,14010,14990,15668,16107,16803,17379,17375,18144,18559,18924,19837,20580,21270,21179,21524,21977,23407,23372
S12000011,14597,14709,14952,16033,16469,16642,16690,17419,18325,19097,19937,20831,20600,20630,20568,21043,21989,22405,23709,23413,23429,24121,23574,23560
S12000045,11576,11880,13022,14283,14585,15315,15403,15943,16817,17683,18476,19447,19426,19751,20179,20462,20896,21173,22319,22713,23346,24295,24445,23961
W06000019,7410,7428,7972,8606,8914,9101,9422,9918,10100,10103,10537,10851,10994,11202,11400,11870,12157,12299,12787,12999,13363,14045,13933,14478
W06000024,8605,8411,8819,9659,10275,10625,10931,11620,12134,12323,12801,13028,12823,12993,13070,13491,13834,14125,14584,14540,14979,15560,15407,15675
W06000002,8874,8934,9426,9815,10383,10787,11009,11603,12040,12705,12946,13077,13318,13450,13604,13977,14247,14669,15174,15123,15457,15901,16121,16007
W06000016,7994,7885,8298,9051,9670,10093,10327,10861,11271,11578,12039,12402,12459,12733,12963,13389,13666,13896,14422,14478,15016,15717,16114,16313
W06000018,9487,9460,9947,10914,11026,11110,11643,12003,12139,12226,12736,13024,12828,13006,13313,13884,14194,14317,14922,15160,15451,15899,16473,16572
W06000020,8724,8761,9335,10156,10389,10593,11131,11506,11622,11719,12289,12632,12566,12852,13199,13732,14083,14199,14786,15064,15328,16411,16626,16852
W06000011,9471,9584,10026,10472,11144,11437,11669,12027,12095,12497,12759,13787,13878,13604,13677,14160,14261,14982,15285,15062,15460,16149,16596,16919
W06000008,8477,8558,8543,8638,9035,9430,9997,10324,10892,11735,11953,12669,12876,13173,13532,13763,13998,14443,14972,15160,15723,16558,16991,17073
W06000013,10074,10097,10362,11213,11402,11340,11678,12100,12320,12617,13022,13413,13373,13469,13563,14127,14524,14814,15224,15226,15768,16868,16808,17134
W06000012,9441,9590,9838,10760,11057,10971,11366,11771,12077,12506,13151,13591,13572,13791,13831,14346,14823,15119,15645,15642,16231,16266,16958,17163
W06000010,9028,9187,9488,9634,10084,10486,10934,11295,12050,12744,13057,13687,13794,14053,14486,15113,15299,15593,15993,15990,16273,16994,17164,17349
W06000009,9644,9711,10029,10195,10605,11197,11661,12037,12622,13326,13517,14063,14175,14511,14781,15391,15588,15915,16325,16333,16673,17397,17561,17594
W06000004,10149,10147,10304,10812,11186,11599,11925,12459,13100,13330,13744,14450,14351,14614,15163,15657,15810,16122,16695,16625,17107,17898,17562,17607
W06000022,8911,8783,9539,10271,10716,11139,11407,11776,12158,12586,13287,13757,13575,13727,14100,14670,14816,15316,15859,16077,16387,17303,17307,17655
W06000015,9701,9937,10457,11103,11493,11926,12330,12675,12813,13395,13683,14182,14196,14405,14625,14863,14979,15294,15878,15776,16438,17259,17396,17673
W06000001,9624,9908,10118,10638,10788,11061,11598,12287,12475,12566,13147,13935,14249,14468,14831,15323,15730,15954,16480,16486,16920,17586,17574,17778
W06000006,9787,9804,10209,11286,11460,11711,12216,12782,13081,13340,13755,14190,13940,14224,14699,15079,15464,16023,16852,16998,17469,17567,17576,17804
W06000003,10513,10584,10905,11461,11835,12250,12603,12937,13612,13730,13993,14613,14562,14801,15206,15746,15905,16266,16655,16575,17118,17987,18407,18336
W06000023,9236,9114,9756,10605,10928,11191,11671,12452,12929,13462,13787,14443,14533,15117,15292,15791,15972,16182,16626,16620,17537,18343,18731,18642
W06000005,9705,9700,10179,11133,11364,11622,12015,12505,12776,13143,13453,13930,13985,14404,14995,15495,15948,16450,17271,17387,17958,18932,19128,19295
W06000014,10717,10885,11489,12116,12298,12641,13236,13716,14017,14763,15227,15972,16088,16451,16784,17119,17336,17822,18728,18649,19362,20742,21070,20913
W06000021,11452,11543,12303,13794,14066,14783,14875,14786,15386,15948,17028,17555,16746,17175,17696,18218,18084,19065,19768,20013,20569,21632,22629,22321
