areacd,2001,2002,2003,2004,2005,2006,2007,2008,2009,2010,2011,2012,2013,2014,2015,2016,2017,2018,2019,2020
K02000001,37.87,38.13,38.36,38.56,38.72,38.89,39.01,39.15,39.32,39.47,39.59,39.75,39.88,39.98,40,40.02,40.07,40.11,40.26,40.39
K03000001,37.96,38.21,38.44,38.64,38.8,38.96,39.09,39.22,39.39,39.53,39.65,39.81,39.94,40.04,40.06,40.07,40.12,40.16,40.3,40.43
K04000001,37.89,38.13,38.35,38.53,38.68,38.83,38.95,39.08,39.25,39.39,39.5,39.65,39.77,39.86,39.89,39.9,39.95,39.99,40.15,40.28
E92000001,37.81,38.05,38.26,38.45,38.59,38.74,38.86,38.98,39.15,39.29,39.39,39.54,39.65,39.74,39.76,39.77,39.83,39.88,40.04,40.18
E12000001,38.91,39.22,39.53,39.8,40.03,40.25,40.45,40.66,40.88,41.06,41.22,41.45,41.62,41.8,41.89,41.88,41.91,41.84,41.81,41.72
E06000047,39.54,39.94,40.28,40.6,40.87,41.17,41.4,41.65,41.96,42.16,42.42,42.67,42.86,43.12,43.32,43.45,43.52,43.45,43.4,43.14
E06000005,39.48,39.6,39.83,40.07,40.23,40.28,40.38,40.53,40.65,40.89,41.1,41.48,41.78,42.06,42.36,42.58,42.95,43.06,43.22,43.18
E06000001,38.11,38.49,38.83,39.17,39.43,39.69,40,40.17,40.46,40.74,40.99,41.25,41.47,41.82,41.98,41.82,41.77,41.8,41.72,41.63
E06000002,35.92,36.22,36.57,36.72,36.8,36.93,36.96,37.13,37.35,37.26,37.06,37,36.76,36.67,36.5,36.28,36.23,36.18,36.26,36.18
E06000057,41.74,42.1,42.45,42.79,43.16,43.48,43.83,44.21,44.59,44.98,45.28,45.71,46.12,46.57,46.99,47.32,47.66,47.97,48.39,48.75
E06000003,39.83,40.22,40.55,40.82,41.12,41.45,41.84,42.19,42.61,43.04,43.3,43.64,43.92,44.24,44.48,44.7,44.86,45,45.19,45.25
E06000004,37.54,37.85,38.17,38.51,38.77,38.95,39.15,39.31,39.5,39.72,39.9,40.11,40.2,40.28,40.29,40.31,40.34,40.44,40.73,40.97
E11000007,38.37,38.59,38.84,39.05,39.21,39.34,39.44,39.59,39.72,39.82,39.98,40.11,40.11,40.07,40.01,39.94,39.82,39.67,39.7,39.65
E08000037,39.46,39.68,39.88,40.06,40.24,40.43,40.55,40.65,40.76,40.9,40.99,41.26,41.49,41.56,41.4,41.3,41.38,41.34,41.52,41.54
E08000021,36.22,36.08,35.95,35.68,35.36,35.11,34.85,34.74,34.53,34.14,33.82,33.48,33.27,33.08,32.94,32.88,32.67,32.42,32.29,32.11
E08000022,40.12,40.28,40.51,40.73,40.94,41.08,41.23,41.31,41.49,41.7,41.9,42.24,42.44,42.74,43.05,43.23,43.35,43.38,43.33,43.3
E08000023,39.39,39.77,40.2,40.56,40.88,41.25,41.54,41.84,42.14,42.39,42.67,42.95,43.13,43.38,43.57,43.6,43.62,43.47,43.4,43.23
E08000024,37.81,38.24,38.67,39.12,39.52,39.84,40.14,40.47,40.82,41.14,41.48,41.67,41.9,42.06,42.18,42.24,42.26,42.24,42.17,42.05
E12000002,38.12,38.38,38.59,38.78,38.94,39.11,39.27,39.45,39.67,39.86,40.05,40.22,40.38,40.48,40.46,40.4,40.35,40.31,40.3,40.33
E06000008,34.13,34.3,34.55,34.79,34.95,35.01,35.08,35.22,35.27,35.36,35.5,35.56,35.6,35.79,35.86,35.97,36.13,36.35,36.48,36.63
E06000009,41.24,41.4,41.43,41.45,41.45,41.57,41.67,41.94,42.21,42.36,42.62,42.82,42.92,43.18,43.37,43.53,43.64,43.52,43.44,43.48
E06000049,40.61,40.91,41.18,41.48,41.73,41.98,42.21,42.53,42.95,43.36,43.73,44.11,44.52,44.93,45.23,45.56,45.9,46.22,46.42,46.57
E06000050,39.45,39.82,40.11,40.37,40.61,40.89,41.19,41.55,41.97,42.34,42.74,43.08,43.35,43.62,43.86,44.08,44.23,44.4,44.51,44.64
E06000006,37.21,37.55,37.81,38.02,38.27,38.49,38.69,38.88,39.12,39.44,39.77,40.15,40.33,40.53,40.68,40.82,40.98,41,40.93,40.99
E06000007,37.94,38.32,38.66,39.04,39.34,39.56,39.7,39.89,40.09,40.35,40.56,40.84,41.11,41.33,41.54,41.71,41.92,42.16,42.34,42.58
E10000006,41.48,41.87,42.18,42.47,42.76,43.09,43.39,43.82,44.23,44.65,45.02,45.44,45.81,46.2,46.56,46.92,47.29,47.63,48.04,48.33
E07000026,41.82,42.2,42.44,42.84,43.18,43.57,43.77,44.17,44.59,45.01,45.35,45.79,46.12,46.46,46.81,47.17,47.49,47.78,48.27,48.57
E07000027,39.43,39.88,40.28,40.62,40.99,41.29,41.52,41.83,42.15,42.61,42.95,43.44,43.74,44.04,44.34,44.61,44.91,44.9,44.97,44.95
E07000028,40.41,40.6,40.73,40.73,40.76,40.83,41.04,41.5,41.95,42.33,42.56,42.77,43.06,43.42,43.79,44.07,44.46,44.78,45.09,45.31
E07000029,39.94,40.45,40.89,41.28,41.79,42.16,42.56,42.95,43.4,43.82,44.23,44.66,45.02,45.35,45.69,45.97,46.39,46.74,47.07,47.33
E07000030,42.72,43.14,43.46,43.88,44.23,44.6,44.98,45.44,45.9,46.29,46.76,47.27,47.68,48.27,48.88,49.37,49.84,50.35,50.83,51.25
E07000031,44.32,44.72,45.08,45.45,45.71,46.16,46.44,46.88,47.25,47.65,48.17,48.6,49.02,49.51,49.82,50.19,50.53,50.89,51.28,51.6
E11000001,36.65,36.81,36.9,37,37.06,37.09,37.12,37.17,37.28,37.3,37.27,37.27,37.29,37.26,37.13,37.04,37.08,37.13,37.14,37.18
E08000001,37.08,37.3,37.51,37.72,37.95,38.06,38.19,38.3,38.45,38.62,38.77,38.79,38.86,38.97,39,38.84,38.82,38.84,38.86,38.87
E08000002,37.88,38.14,38.45,38.75,39.02,39.21,39.31,39.5,39.69,39.9,40.11,40.35,40.5,40.64,40.68,40.6,40.41,40.37,40.3,40.38
E08000003,31.77,31.54,31.21,30.76,30.35,29.97,29.76,29.71,29.86,29.91,29.92,29.94,30.14,30.18,30.07,29.97,29.95,30.04,30.12,30.26
E08000004,36.51,36.69,36.84,36.98,37.1,37.14,37.18,37.21,37.29,37.36,37.33,37.38,37.35,37.29,37.06,36.98,37.09,37.08,37.14,37.26
E08000005,36.62,36.87,37.04,37.28,37.42,37.52,37.59,37.68,37.87,38.03,38.11,38.26,38.39,38.41,38.3,38.15,38.05,38.11,38.13,38.19
E08000006,36.77,36.9,36.82,36.76,36.67,36.5,36.44,36.22,36.09,35.81,35.61,35.36,35.27,35.23,35.14,35.12,35.04,34.99,34.84,34.72
E08000007,39.2,39.52,39.82,40.11,40.45,40.8,41,41.26,41.51,41.77,42.01,42.22,42.39,42.58,42.64,42.59,42.57,42.48,42.39,42.29
E08000008,37.44,37.73,38.03,38.34,38.69,38.94,39.14,39.28,39.5,39.7,39.95,40.21,40.36,40.55,40.59,40.52,40.41,40.19,40.11,40.13
E08000009,38.52,38.69,38.8,39.03,39.16,39.25,39.32,39.48,39.64,39.82,39.99,40.25,40.37,40.4,40.52,40.58,40.55,40.61,40.7,40.87
E08000010,37.92,38.21,38.49,38.8,39.09,39.35,39.61,39.84,40.15,40.44,40.74,41.13,41.43,41.72,41.92,42.11,42.22,42.23,42.15,42.03
E10000017,38.91,39.27,39.53,39.79,40.03,40.27,40.52,40.82,41.1,41.35,41.57,41.78,42.04,42.29,42.47,42.62,42.7,42.73,42.75,42.64
E07000117,37.28,37.61,37.98,38.33,38.68,38.85,39.02,39.17,39.42,39.64,39.89,39.85,39.94,39.97,39.96,40.02,40.07,39.94,40,39.93
E07000118,39.09,39.42,39.68,39.89,40.17,40.5,40.84,40.93,41.26,41.66,41.86,42.02,42.23,42.56,42.85,43.1,43.18,43.39,43.48,43.5
E07000119,44.21,44.54,44.85,45.1,45.38,45.75,45.92,46.33,46.6,46.9,47.19,47.65,48.04,48.43,48.91,49.35,49.79,50.14,50.46,50.89
E07000120,36.9,37.3,37.39,37.69,37.94,38.12,38.28,38.53,38.76,39.01,39.26,39.6,39.83,39.78,39.86,39.97,39.88,39.75,39.84,39.93
E07000121,38.08,38.54,38.72,38.95,39.03,39.34,39.7,40.18,40.39,40.37,40.4,40.19,40.21,40.22,40.18,40.05,39.99,39.71,39.51,39.05
E07000122,37.46,37.83,38.15,38.36,38.52,38.56,38.7,38.83,38.88,39.05,39.07,39.24,39.29,39.47,39.52,39.53,39.68,39.67,39.71,39.88
E07000123,35.32,35.35,35.16,34.95,34.81,34.73,34.79,35.15,35.47,35.48,35.31,35.18,35.18,35.26,35.24,35.29,35.17,35.21,35.29,35.33
E07000124,41.28,41.55,41.94,42.25,42.71,43.13,43.45,43.89,44.36,44.66,45.01,45.43,45.82,46.32,46.74,47.18,47.48,47.87,48.13,48.23
E07000125,37.87,38.39,38.76,39.17,39.42,39.67,39.99,40.25,40.48,40.77,40.99,41.34,41.57,41.83,42.08,42.33,42.45,42.51,42.47,42.53
E07000126,39.35,39.54,39.9,40.23,40.57,40.85,41.05,41.3,41.51,41.84,42.11,42.47,42.81,43.24,43.58,43.85,44.06,44.31,44.59,44.65
E07000127,39.62,39.96,40.21,40.57,40.92,41.29,41.6,41.94,42.35,42.65,43.06,43.32,43.52,43.72,44,44.28,44.25,44.44,44.62,44.56
E07000128,43.58,44.04,44.33,44.63,44.83,45.16,45.65,46.07,46.37,46.78,47.2,47.49,47.88,48.19,48.45,48.82,49.23,49.53,49.91,50.07
E11000002,38.31,38.58,38.84,39.06,39.24,39.45,39.68,39.89,40.11,40.32,40.52,40.66,40.78,40.84,40.71,40.56,40.45,40.29,40.24,40.17
E08000011,36.48,36.99,37.37,37.75,38.11,38.39,38.73,39.04,39.47,39.83,40.19,40.44,40.53,40.57,40.41,40.18,39.96,39.59,39.46,39.22
E08000012,35.89,35.85,35.87,35.71,35.56,35.58,35.71,35.78,35.78,35.67,35.54,35.26,35.22,35.23,35.05,34.88,34.79,34.73,34.75,34.77
E08000014,40.75,41.21,41.58,41.94,42.38,42.77,43.13,43.49,43.89,44.24,44.51,44.88,45.16,45.44,45.67,45.85,46.18,46.36,46.46,46.54
E08000013,38.67,38.98,39.36,39.71,40.05,40.35,40.63,40.92,41.18,41.54,41.89,42.16,42.44,42.64,42.92,43.04,43.06,43.04,42.97,42.77
E08000015,40.27,40.57,40.82,41.1,41.36,41.65,41.89,42.1,42.31,42.58,42.87,43.12,43.34,43.56,43.83,44.04,44.25,44.34,44.43,44.41
E12000003,38.04,38.28,38.47,38.61,38.7,38.87,39.02,39.17,39.37,39.55,39.7,39.84,39.98,40.1,40.11,40.07,40.05,39.99,40.1,40.16
E06000011,42.17,42.55,42.84,43.15,43.54,43.9,44.27,44.7,45.14,45.51,45.86,46.23,46.63,47.04,47.55,47.97,48.45,48.85,49.24,49.52
E06000010,35.5,35.71,35.78,35.7,35.63,35.68,35.78,35.74,36,36.13,36.21,36.13,36.07,35.98,35.85,35.7,35.61,35.63,35.79,35.9
E06000012,38.28,38.7,39.03,39.4,39.68,40,40.19,40.42,40.69,40.94,41.12,41.35,41.57,41.86,42.03,42.18,42.3,42.42,42.61,42.68
E06000013,40.08,40.42,40.66,40.83,41.09,41.31,41.46,41.65,41.91,42.17,42.43,42.74,43.02,43.33,43.53,43.76,43.98,44.11,44.34,44.46
E06000014,38.16,38.29,38.35,38.21,38.24,38.41,38.64,38.82,38.94,38.91,38.77,38.6,38.37,38.29,38,37.91,37.81,37.63,37.67,37.55
E10000023,41.45,41.8,42.14,42.47,42.77,43.09,43.38,43.73,44.13,44.48,44.82,45.23,45.61,46.16,46.62,46.96,47.39,47.75,48.18,48.5
E07000163,43.54,43.97,44.24,44.43,44.64,44.96,45.36,45.89,46.5,46.93,47.22,47.73,48.07,48.53,48.95,49.32,49.74,50.11,50.58,50.96
E07000164,42.01,42.42,42.75,43.25,43.66,43.92,44.22,44.64,45.18,45.62,46.04,46.5,46.96,47.53,48.07,48.44,48.98,49.39,49.93,50.27
E07000165,40.33,40.74,41.1,41.51,41.79,42.1,42.42,42.77,43.08,43.39,43.65,44.09,44.52,45.11,45.56,46.14,46.59,46.98,47.48,47.77
E07000166,37.52,37.79,38.14,38.26,38.36,38.65,38.77,39.18,39.33,39.58,39.76,39.93,40.43,41.76,42.48,42.14,42.97,43.85,44.05,44.49
E07000167,44.07,44.41,44.71,44.96,45.27,45.69,45.92,46.26,46.68,47.17,47.57,47.98,48.4,48.72,49.1,49.34,49.79,49.99,50.39,50.75
E07000168,43.97,44.15,44.48,44.67,44.93,45.2,45.45,45.79,46.18,46.51,46.95,47.33,47.62,48.06,48.47,48.92,49.33,49.69,50.14,50.38
E07000169,39.5,39.85,40.22,40.56,40.97,41.29,41.55,41.73,42.12,42.46,42.92,43.25,43.55,43.86,44.22,44.42,44.54,44.59,44.53,44.5
E11000003,38.07,38.29,38.47,38.6,38.67,38.82,38.96,39.06,39.21,39.34,39.4,39.45,39.51,39.51,39.37,39.21,39.08,39,39.09,39.07
E08000016,38.83,39.18,39.46,39.79,40.1,40.32,40.54,40.8,41.1,41.43,41.67,41.88,42.09,42.27,42.38,42.44,42.53,42.5,42.44,42.27
E08000017,38.81,39.05,39.3,39.54,39.69,39.86,39.96,40.06,40.21,40.39,40.58,40.84,41.01,41.18,41.26,41.27,41.34,41.26,41.24,41.22
E08000018,38.58,38.88,39.21,39.49,39.77,40.02,40.3,40.5,40.8,41.12,41.41,41.66,41.91,42.06,42.17,42.24,42.16,42.07,41.88,41.78
E08000019,37.05,37.14,37.17,37.05,36.9,36.95,37,36.99,37,36.78,36.46,36.18,36.09,36,35.84,35.73,35.56,35.4,35.39,35.28
E11000006,36.62,36.76,36.89,36.96,36.94,37.06,37.14,37.25,37.42,37.54,37.61,37.62,37.69,37.73,37.66,37.62,37.69,37.76,37.88,37.93
E08000032,35.17,35.18,35.2,35.16,35.08,35.09,35.05,34.97,34.98,34.96,34.96,35.1,35.22,35.42,35.61,35.83,36.05,36.23,36.46,36.68
E08000033,38.49,38.73,39.02,39.24,39.43,39.64,39.79,40.01,40.24,40.5,40.77,41.11,41.38,41.7,41.91,41.95,42.1,42.19,42.24,42.42
E08000034,36.92,37.07,37.29,37.48,37.65,37.78,37.91,38.1,38.36,38.58,38.74,38.85,38.98,39.08,39.13,39.18,39.23,39.42,39.71,39.91
E08000035,36.05,36.14,36.14,36,35.74,35.83,35.9,35.91,36.02,36.02,36.02,35.84,35.84,35.77,35.62,35.5,35.46,35.36,35.28,35.11
E08000036,38.33,38.68,38.99,39.35,39.68,39.96,40.26,40.52,40.82,41.12,41.39,41.66,41.87,42.09,42.18,42.15,42.08,41.85,41.63,41.38
E12000004,38.52,38.8,39.04,39.25,39.45,39.66,39.86,40.08,40.33,40.53,40.73,40.97,41.16,41.31,41.37,41.37,41.33,41.34,41.36,41.36
E06000015,36.1,36.31,36.56,36.63,36.71,36.8,36.81,36.87,36.86,36.71,36.68,36.62,36.66,36.69,36.61,36.63,36.75,36.89,37.02,37.2
E06000016,32.93,32.98,32.9,32.59,32.28,32.07,31.93,31.92,31.97,31.89,31.97,31.99,32.09,32.07,31.94,31.84,31.7,31.56,31.64,31.74
E06000061,37.99,38.32,38.58,38.85,39.1,39.25,39.33,39.58,39.87,40.16,40.36,40.64,40.94,41.13,41.27,41.33,41.32,41.38,41.39,41.45
E06000018,32.69,32.53,32.2,31.83,31.56,31.52,31.45,31.4,31.32,31.22,31.15,30.84,30.76,30.62,30.35,30.04,29.85,29.71,29.67,29.68
E06000017,40.25,40.38,40.71,41.41,41.81,42.11,42.29,42.63,43.23,43.52,43.92,44.88,44.86,45.08,45.75,46.13,46.59,46.96,47.57,47.85
E06000062,37.31,37.57,37.81,38.07,38.26,38.38,38.54,38.77,38.98,39.29,39.48,39.75,39.99,40.23,40.3,40.38,40.36,40.4,40.56,40.71
E10000007,40.11,40.42,40.69,40.99,41.3,41.59,41.9,42.23,42.57,42.93,43.29,43.67,44,44.33,44.65,45.01,45.24,45.5,45.63,45.69
E07000032,40.2,40.43,40.67,41.02,41.35,41.68,42.06,42.42,42.76,43.11,43.5,43.94,44.28,44.63,45.06,45.43,45.66,46.01,46.05,46.22
E07000033,39.43,39.71,39.91,40.25,40.53,40.73,41.03,41.36,41.66,41.95,42.29,42.56,42.79,43.13,43.33,43.63,43.8,43.96,43.98,43.92
E07000034,40.01,40.26,40.4,40.67,40.95,41.25,41.56,41.86,42.16,42.37,42.61,42.92,43.19,43.48,43.75,44.13,44.34,44.46,44.65,44.71
E07000035,43.67,44.11,44.57,44.77,45.14,45.49,45.76,46.08,46.58,47.03,47.46,47.93,48.35,48.8,49.39,49.85,50.21,50.77,51.11,51.5
E07000036,38.46,38.81,39.14,39.5,39.9,40.29,40.69,40.99,41.32,41.66,42,42.35,42.62,42.91,43.09,43.37,43.54,43.7,43.94,43.93
E07000037,39.56,39.99,40.36,40.72,41.04,41.29,41.61,41.98,42.29,42.73,43.13,43.56,44,44.47,44.81,45.24,45.55,45.88,46.15,46.36
E07000038,42.18,42.57,42.93,43.2,43.45,43.83,44.11,44.39,44.7,45.15,45.5,45.86,46.24,46.64,46.92,47.12,47.34,47.6,47.89,47.9
E07000039,38.43,38.6,38.77,38.97,39.2,39.37,39.55,39.81,40.1,40.38,40.79,41.22,41.53,41.83,42.09,42.24,42.23,42.22,42.05,41.94
E10000018,39.22,39.53,39.82,40.09,40.43,40.71,40.96,41.24,41.6,41.91,42.18,42.4,42.64,42.91,43.09,43.22,43.18,43.17,43.12,42.98
E07000129,38.97,39.18,39.57,39.98,40.41,40.75,41.02,41.22,41.64,41.96,42.25,42.57,42.73,42.92,43.18,43.28,43.14,42.98,42.9,42.78
E07000130,37.34,37.75,38.02,38.19,38.42,38.62,38.78,38.93,39.09,39.27,39.45,39.38,39.49,39.32,39.06,38.73,38.48,38.45,38.4,38.3
E07000131,40.25,40.41,40.74,41.15,41.56,41.88,42.16,42.56,43.01,43.44,43.83,44.18,44.55,45.01,45.23,45.56,45.83,46.09,46.24,46.28
E07000132,40.34,40.72,41,41.25,41.58,41.88,42.13,42.45,42.78,43.1,43.39,43.73,44.01,44.34,44.62,44.81,44.98,45.03,45.09,45.12
E07000133,40.23,40.58,40.99,41.39,41.78,42.14,42.41,42.87,43.28,43.57,43.89,44.28,44.79,45.21,45.73,46.12,46.76,47.13,47.59,47.96
E07000134,39.71,39.9,40.11,40.28,40.51,40.79,41.02,41.34,41.74,42.09,42.46,42.79,43.03,43.29,43.53,43.74,43.89,43.85,43.9,43.9
E07000135,39.28,39.61,39.78,39.86,40.32,40.5,40.85,41.18,41.77,42.28,42.02,42.22,42.38,42.92,43.05,43.35,42.66,42.69,42.63,42.4
E10000019,41.47,41.87,42.19,42.45,42.75,42.94,43.17,43.42,43.66,43.91,44.21,44.48,44.66,44.86,45.08,45.26,45.47,45.67,45.91,45.96
E07000136,42.2,42.55,42.8,42.9,43.05,42.84,42.65,42.52,42.29,42.17,42.44,42.59,42.38,42.39,42.31,42.1,41.96,41.85,41.88,41.81
E07000137,45.52,46.08,46.59,46.99,47.37,47.64,48,48.38,48.66,48.93,49.28,49.66,49.97,50.34,50.75,51.17,51.63,51.98,52.39,52.81
E07000138,35.56,35.77,35.62,35.13,34.97,34.78,34.74,34.88,34.92,34.71,34.47,34.07,34.13,34.08,34.03,33.93,33.57,33.5,33.36,33.09
E07000139,41.09,41.46,41.78,42.19,42.6,42.91,43.21,43.46,43.72,44.05,44.43,44.79,45.09,45.25,45.53,45.76,45.96,46.1,46.34,46.32
E07000140,44.18,44.29,44.39,44.36,44.44,44.43,44.38,44.36,44.56,44.84,45.15,45.53,45.71,45.74,45.86,45.87,46.02,46.18,46.38,46.47
E07000141,39.9,40.44,40.96,41.43,41.8,42.07,42.33,42.62,43.02,43.39,43.74,44.1,44.37,44.69,45.09,45.34,45.72,46.17,46.53,46.75
E07000142,42.36,42.79,43.02,43.31,43.66,43.96,44.26,44.61,44.99,45.38,45.84,46.21,46.52,46.76,46.97,47.24,47.56,47.88,48.18,48.51
E10000024,39.6,39.87,40.15,40.44,40.75,41.08,41.35,41.64,41.94,42.21,42.51,42.81,43,43.24,43.44,43.61,43.69,43.76,43.8,43.7
E07000170,38.52,38.77,39.06,39.31,39.57,39.85,40.13,40.45,40.68,40.96,41.2,41.47,41.74,42.03,42.09,42.2,42.06,42.05,41.93,41.93
E07000171,39.79,40.1,40.46,40.85,41.26,41.7,42.01,42.33,42.65,43.02,43.37,43.85,44.17,44.46,44.81,45.15,45.29,45.6,45.74,45.8
E07000172,39.5,39.79,40.16,40.4,40.7,41.02,41.33,41.68,41.98,42.24,42.41,42.51,42.75,42.9,43.03,43.17,43.17,43.19,43.11,42.93
E07000173,40.29,40.53,40.77,40.96,41.3,41.71,41.86,42.13,42.34,42.63,42.87,43.15,43.22,43.41,43.63,43.75,43.9,43.97,44.05,43.91
E07000174,38.81,39.1,39.28,39.65,39.93,40.12,40.37,40.5,40.78,41.07,41.32,41.54,41.67,41.89,41.97,41.9,41.93,42.06,42.14,42.09
E07000175,40.58,40.86,41.1,41.31,41.63,41.89,42.22,42.43,42.77,43.12,43.49,43.76,44.06,44.33,44.61,44.82,44.95,45.2,45.39,45.53
E07000176,39.68,39.93,40.17,40.52,40.82,41.25,41.53,41.94,42.27,42.38,42.82,43.28,43.34,43.56,43.69,43.89,44.05,43.9,43.89,43.59
E12000005,37.94,38.16,38.36,38.55,38.7,38.84,38.97,39.1,39.29,39.46,39.58,39.72,39.8,39.83,39.78,39.65,39.53,39.48,39.56,39.6
E06000019,42.24,42.59,42.91,43.34,43.65,43.83,43.92,44.11,44.37,44.73,45.07,45.35,45.57,45.79,46.12,46.44,46.73,47.03,47.41,47.68
E06000051,41.2,41.57,41.89,42.31,42.58,42.89,43.17,43.47,43.83,44.14,44.48,44.92,45.36,45.82,46.29,46.65,46.97,47.4,47.85,48.16
E06000021,37.42,37.69,37.88,37.92,38.06,38.02,38.04,37.99,38.16,38.2,38.21,38.16,38.16,38.16,38.05,37.88,37.73,37.73,37.8,37.89
E06000020,36.13,36.5,36.87,37.16,37.4,37.6,37.8,38.1,38.37,38.63,38.71,38.91,39.1,39.25,39.26,39.26,39.32,39.36,39.54,39.62
E10000028,39.65,39.97,40.27,40.6,40.89,41.17,41.42,41.75,42.1,42.44,42.74,43.12,43.39,43.72,44.05,44.28,44.5,44.62,44.75,44.75
E07000192,37.11,37.44,37.81,38.22,38.53,38.84,39.18,39.52,39.89,40.31,40.69,41.07,41.47,41.81,42.18,42.51,42.65,42.62,42.6,42.4
E07000193,38.55,38.82,39.05,39.35,39.61,39.84,39.98,40.18,40.41,40.64,40.78,41.11,41.38,41.57,41.76,41.83,42.06,42.08,41.9,41.8
E07000194,41.15,41.47,41.7,41.94,42.19,42.46,42.63,42.96,43.36,43.75,44.15,44.65,45.03,45.37,45.64,45.93,46.11,46.3,46.56,46.56
E07000195,39.42,39.66,39.87,40.03,40.28,40.52,40.72,41.1,41.36,41.67,41.78,42.02,42.04,42.15,42.08,41.92,41.93,41.85,41.92,41.84
E07000196,41.4,41.84,42.25,42.78,43.23,43.64,43.95,44.32,44.77,45.16,45.55,45.95,46.05,46.43,46.85,47.25,47.46,47.75,48.02,48.12
E07000197,40.92,41.11,41.33,41.64,41.8,41.99,42.16,42.42,42.76,43.01,43.29,43.6,43.92,44.35,44.74,44.81,45.07,45.23,45.36,45.49
E07000198,42.04,42.36,42.68,43.09,43.39,43.65,44.05,44.46,44.87,45.22,45.61,46.06,46.42,46.78,47.15,47.52,47.82,48.17,48.6,48.97
E07000199,35.77,36.18,36.56,36.97,37.33,37.58,37.88,38.23,38.54,38.92,39.28,39.69,40.12,40.46,40.67,40.88,41.16,41.22,41.29,41.34
E10000031,39.66,39.82,39.98,40.21,40.4,40.59,40.8,41.04,41.34,41.68,41.99,42.32,42.62,42.88,43.07,43.2,43.25,43.11,42.98,42.79
E07000218,39.67,40.1,40.48,40.94,41.31,41.7,42.05,42.49,42.89,43.27,43.67,44.08,44.54,44.95,45.21,45.48,45.68,45.64,45.57,45.61
E07000219,38.1,38.36,38.62,38.95,39.21,39.38,39.63,39.79,40.07,40.39,40.56,40.87,41.13,41.42,41.49,41.48,41.46,41.42,41.28,41.24
E07000220,39.14,39.29,39.56,39.79,39.97,40.01,40.13,40.26,40.46,40.59,40.75,41.05,41.24,41.39,41.43,41.45,41.41,41.32,41.19,41
E07000221,42.84,43.18,43.48,43.84,44.07,44.25,44.41,44.77,45.23,45.76,46.2,46.78,47.17,47.52,47.77,48.03,48.07,48.09,48.19,48.19
E07000222,38.71,38.5,38.33,38.19,38.16,38.31,38.43,38.59,38.79,39.11,39.54,39.7,39.93,40,40.12,40.09,40.18,39.78,39.72,39.67
E11000005,36.12,36.24,36.31,36.36,36.39,36.42,36.44,36.43,36.46,36.38,36.24,36.13,36,35.88,35.76,35.65,35.57,35.55,35.59,35.59
E08000025,33.83,33.83,33.73,33.58,33.4,33.29,33.16,33.01,32.97,32.91,32.86,32.79,32.85,32.88,32.78,32.64,32.58,32.6,32.63,32.68
E08000026,35.12,35.42,35.58,35.79,35.89,35.8,35.77,35.56,35.53,35.21,34.68,34.22,33.89,33.56,33.01,32.6,32.34,32.15,32.13,32.02
E08000027,39.28,39.48,39.69,39.87,40.08,40.25,40.46,40.65,40.93,41.16,41.41,41.72,41.91,42.11,42.19,42.26,42.19,42.06,41.97,41.87
E08000028,36.76,36.82,36.9,36.96,37.07,37.11,37.04,36.93,36.81,36.67,36.57,36.52,36.39,36.38,36.32,36.35,36.41,36.51,36.66,36.76
E08000029,40.13,40.39,40.59,40.81,41.13,41.45,41.7,41.94,42.28,42.55,42.82,43.09,43.21,43.34,43.52,43.56,43.42,43.29,43.15,42.91
E08000030,37.84,38.02,38.19,38.3,38.44,38.52,38.59,38.69,38.82,38.95,39.05,39.08,39.05,38.96,38.8,38.47,38.29,38.23,38.21,38.26
E08000031,37.01,37.11,37.23,37.36,37.46,37.51,37.56,37.67,37.94,37.99,37.97,38.08,38.1,38.05,37.88,37.69,37.64,37.69,37.78,37.82
E10000034,40.11,40.42,40.76,41.12,41.4,41.67,41.94,42.23,42.61,43.02,43.32,43.63,43.87,44.15,44.43,44.67,44.86,45.04,45.19,45.3
E07000234,41.58,41.66,41.89,42.24,42.52,42.71,42.95,43.28,43.72,44.23,44.58,44.84,45.06,45.25,45.4,45.49,45.56,45.54,45.5,45.46
E07000235,44.57,44.81,45.06,45.31,45.66,45.92,46.22,46.55,46.98,47.37,47.81,48.23,48.59,48.98,49.49,49.9,50.2,50.48,50.78,50.9
E07000236,36.6,36.96,37.27,37.59,37.71,37.84,37.98,38.05,38.37,38.68,38.84,39.07,39.33,39.62,39.82,39.82,39.93,40.07,40.15,40.34
E07000237,36.27,36.57,36.86,37.13,37.27,37.43,37.52,37.66,37.87,38.01,38.05,38.03,37.95,38.02,38.03,38.01,38.07,38.35,38.7,39.1
E07000238,41.78,42.19,42.57,42.96,43.37,43.75,44.17,44.56,44.98,45.46,45.86,46.28,46.55,46.89,47.19,47.57,47.77,47.95,48.16,48.37
E07000239,40.8,41.12,41.5,41.87,42.15,42.54,42.83,43.2,43.61,44.01,44.45,44.88,45.13,45.42,45.7,46.01,46.25,46.49,46.78,46.96
E12000006,38.76,39.02,39.24,39.49,39.68,39.9,40.09,40.26,40.5,40.65,40.78,41.02,41.22,41.33,41.4,41.48,41.57,41.65,41.75,41.81
E06000055,37.05,37.3,37.59,37.85,38.2,38.48,38.67,38.88,39.1,39.09,39.24,39.48,39.63,39.77,39.88,39.96,40.2,40.23,40.47,40.69
E06000056,37.97,38.27,38.59,38.96,39.31,39.6,39.89,40.18,40.57,40.81,40.98,41.13,41.22,41.32,41.32,41.28,41.32,41.25,41.07,40.92
E06000032,33.39,33.65,33.82,33.97,33.9,33.7,33.37,33.14,33.07,32.77,32.54,32.65,32.88,33.02,33.13,33.41,33.83,34.2,34.61,34.84
E06000031,35.73,35.96,36.14,36.18,36.12,36.07,35.98,35.96,35.92,35.83,35.76,35.8,35.93,35.93,35.96,36.11,36.24,36.47,36.74,37.06
E06000033,39.39,39.46,39.63,39.84,39.93,40.02,40.05,40.1,40.14,40.25,40.31,40.6,40.82,41.01,41.28,41.43,41.51,41.64,41.83,42.06
E06000034,35.59,35.79,36,36.16,36.27,36.37,36.43,36.44,36.56,36.66,36.67,36.8,36.93,36.88,36.85,36.86,36.84,36.9,36.9,36.91
E10000003,37.65,37.91,38,38.28,38.41,38.71,38.95,39.13,39.38,39.48,39.58,39.93,40.21,40.39,40.48,40.67,40.83,40.96,41.2,41.37
E07000008,31.45,31.41,31.17,31.03,30.66,30.85,31.17,31.26,31.68,31.61,31.64,31.82,31.83,31.83,31.52,31.45,31.02,30.58,30.25,29.83
E07000009,39.47,39.7,39.15,40.16,40.27,40.45,40.5,40.68,40.81,40.89,41.01,41.26,41.69,41.95,42.2,42.52,42.75,43.03,43.44,43.75
E07000010,40.93,41.28,41.59,41.92,42.13,42.26,42.37,42.6,42.85,43.17,43.44,43.78,43.99,44.3,44.39,44.61,44.66,44.76,44.98,45.08
E07000011,37.92,38.26,38.63,38.74,39.28,39.71,40.07,40.31,40.72,41.03,41.23,41.6,41.94,42.29,42.59,42.87,43.13,43.32,43.5,43.56
E07000012,39.36,39.54,39.64,39.94,40.16,40.39,40.48,40.7,40.85,40.99,41.12,41.5,41.98,42.19,42.38,42.46,42.74,42.93,43.09,43.25
E10000012,39.4,39.69,39.94,40.17,40.4,40.65,40.9,41.19,41.52,41.78,42.05,42.25,42.48,42.6,42.73,42.79,42.81,42.81,42.78,42.72
E07000066,37.13,37.4,37.66,37.88,38.13,38.33,38.51,38.74,39.07,39.35,39.53,39.61,39.59,39.58,39.59,39.46,39.42,39.31,39.31,39.31
E07000067,38.42,38.72,38.99,39.25,39.46,39.69,39.98,40.25,40.64,40.98,41.24,41.64,42,42.36,42.74,42.98,43.22,43.52,43.57,43.6
E07000068,41.2,41.28,41.48,41.63,41.79,41.93,42.12,42.31,42.56,42.84,43.07,43.3,43.43,43.22,43.23,43.27,43.4,43.32,43.3,43.17
E07000069,41.45,41.79,42.07,42.43,42.77,43.2,43.64,44.02,44.38,44.82,45.33,45.73,46.02,46.27,46.55,46.66,46.84,46.92,46.86,46.88
E07000070,38.28,38.4,38.52,38.54,38.79,39.11,39.47,39.87,40.22,40.48,40.76,41.02,41.28,41.48,41.58,41.61,41.51,41.65,41.64,41.76
E07000071,36.93,37.36,37.65,37.83,37.76,37.92,38.01,38.2,38.53,38.47,38.52,38.47,38.58,38.53,38.21,38.11,37.96,37.89,37.85,37.83
E07000072,39.76,39.95,40.16,40.49,40.75,41.02,41.26,41.52,41.83,42.14,42.36,42.44,42.6,42.63,42.64,42.67,42.7,42.71,42.73,42.59
E07000073,35.95,36.43,36.81,37.07,37.29,37.48,37.53,37.56,37.71,37.82,37.9,37.75,37.85,37.53,37.44,37.43,37.43,37.45,37.5,37.66
E07000074,40.55,41.09,41.57,42.03,42.47,42.92,43.3,43.85,44.43,44.99,45.59,46.17,46.71,47.14,47.64,48.04,48.36,48.69,49.2,49.39
E07000075,40.71,40.96,41.31,41.65,41.95,42.21,42.48,42.83,43.34,43.69,44.16,44.48,44.9,45.13,45.53,45.75,45.95,46.06,46.16,46.23
E07000076,46.9,47.13,47.16,47.22,47.22,47.37,47.55,47.79,47.97,48.27,48.62,48.91,49.19,49.42,49.76,50.03,50.28,50.44,50.83,51.08
E07000077,40.41,40.75,41,41.31,41.69,41.78,41.76,41.99,42.22,42.36,42.56,42.93,43.16,43.28,43.56,43.83,43.94,43.99,43.93,43.79
E10000015,37.83,38.03,38.25,38.5,38.7,38.85,38.95,39.03,39.19,39.32,39.41,39.56,39.65,39.69,39.74,39.77,39.87,40.02,40.2,40.36
E07000095,37.52,37.75,37.95,38.31,38.49,38.7,38.83,39,39.27,39.59,39.8,39.89,40.01,40.1,40.13,40.11,40.16,40.15,40.16,40.34
E07000096,38.4,38.67,38.95,39.22,39.52,39.74,39.82,39.89,39.96,40.04,40.14,40.24,40.34,40.41,40.49,40.54,40.56,40.57,40.75,40.85
E07000242,37.71,37.97,38.39,38.79,39.2,39.53,39.76,40.04,40.41,40.7,40.92,41.22,41.44,41.67,41.88,42.12,42.4,42.6,42.69,42.69
E07000098,38.59,38.87,39.06,39.27,39.46,39.57,39.59,39.64,39.71,39.79,39.9,40.06,40.18,40.23,40.32,40.41,40.57,40.74,40.86,40.86
E07000099,38.65,38.93,39.17,39.45,39.79,40.06,40.23,40.37,40.62,40.8,40.91,41.16,41.42,41.5,41.64,41.75,41.94,42.12,42.25,42.48
E07000240,38.14,38.26,38.47,38.67,38.96,39.04,39.17,39.21,39.35,39.47,39.56,39.8,39.9,39.95,40.1,40.28,40.57,40.89,41.07,41.22
E07000243,35.82,36.12,36.43,36.79,37.07,37.31,37.49,37.6,37.81,37.9,37.9,38.01,38.12,38.17,38.11,37.94,37.98,38.1,38.31,38.44
E07000102,39.53,39.56,39.68,40,40.22,40.45,40.53,40.6,40.75,40.96,41.05,41.22,41.33,41.38,41.37,41.46,41.68,41.79,41.83,42.03
E07000103,35.11,35.3,35.4,35.48,35.43,35.6,35.77,35.53,35.6,35.47,35.34,35.46,35.38,35.55,35.79,36.14,36.41,36.7,37.02,37.33
E07000241,38.1,37.98,37.94,37.84,37.35,36.88,36.56,36.63,36.76,36.61,36.41,36.41,36.29,36.04,35.79,35.37,35.28,35.39,35.75,35.78
E10000020,42.06,42.27,42.49,42.73,42.9,43.07,43.27,43.5,43.72,43.91,44.06,44.31,44.54,44.77,44.96,45.18,45.42,45.62,45.86,45.96
E07000143,41.44,41.79,42.09,42.49,42.6,42.75,42.96,43.3,43.65,43.99,44.15,44.51,44.77,45.12,45.46,45.78,46.1,46.45,46.78,47.06
E07000144,42.53,42.84,43.12,43.46,43.81,44.08,44.35,44.82,45.19,45.53,46.02,46.4,46.75,47.12,47.32,47.56,47.78,47.98,48.14,48.2
E07000145,41.96,42.13,42.38,42.49,42.57,42.8,42.95,43.02,43.24,43.37,43.61,43.94,44.21,44.48,44.69,45.02,45.34,45.71,45.94,46.23
E07000146,43.33,43.55,43.71,43.94,44.14,44.24,44.41,44.58,44.77,45.06,45.24,45.55,45.86,46.06,46.34,46.65,47.01,47.39,47.89,48.23
E07000147,48.11,48.49,48.8,49.21,49.54,49.8,50.23,50.56,50.89,51.26,51.34,51.73,52.04,52.38,52.72,53.04,53.46,53.81,54.27,54.71
E07000148,35.36,35.34,35.28,35.12,34.98,34.82,34.82,34.67,34.61,34.45,34.24,33.98,33.84,33.8,33.72,33.51,33.52,33.35,33.5,33.25
E07000149,43.26,43.36,43.59,43.88,44.18,44.47,44.6,44.7,44.84,44.98,45.07,45.32,45.52,45.7,45.81,46.11,46.18,46.22,46.2,46.26
E10000029,40.26,40.58,40.79,40.96,41.15,41.47,41.77,42.06,42.38,42.64,42.86,43.27,43.64,43.9,44.17,44.55,44.75,45.08,45.35,45.64
E07000200,42.13,42.3,42.48,42.64,42.96,43.2,43.61,44.03,44.49,45,45.38,45.97,46.38,46.88,47.27,47.64,48.12,48.48,48.84,49.1
E07000244,42.99,43.38,43.66,43.91,44.09,44.42,44.7,45.05,45.49,45.88,46.27,46.75,47.11,47.55,47.87,48.22,48.56,48.9,49.27,49.55
E07000202,36.66,36.85,36.86,36.76,36.61,36.8,36.99,36.98,36.98,36.87,36.82,36.87,37.01,37.19,37.18,37.27,37.5,37.81,38.19,38.54
E07000203,41.11,41.51,41.9,42.14,42.45,42.75,43.03,43.47,43.89,44.36,44.68,45.14,45.54,45.93,46.37,46.88,47.2,47.57,47.76,47.99
E07000245,37.83,38.22,38.39,38.61,38.83,39.21,39.45,39.75,40.03,40.15,40.24,40.53,40.92,40.72,40.78,41.23,40.89,41.08,41.28,41.87
E12000007,34.02,34.11,34.22,34.23,34.21,34.17,34.08,33.96,33.97,33.92,33.84,33.96,34.18,34.39,34.57,34.8,35.09,35.32,35.58,35.84
E09000007,32.44,32.64,32.76,32.72,32.72,32.89,33.04,33.25,33.46,33.46,33.2,33.2,33.38,33.54,33.62,33.82,33.99,33.93,34.05,34.02
E09000001,37.77,38.35,38.78,38.99,39.33,39.3,39.14,40.09,40.14,40.36,39.98,43.17,45.74,46.71,46.16,45.33,44.21,40.99,38.49,36.09
E09000012,31.61,31.48,31.43,31.31,31.16,30.98,30.83,30.67,30.69,30.75,30.92,31.19,31.47,31.77,32.06,32.36,32.7,33,33.32,33.73
E09000013,32.25,32.29,32.37,32.43,32.48,32.51,32.49,32.42,32.49,32.56,32.58,32.91,33.3,33.66,33.95,34.37,34.62,34.82,34.98,35.36
E09000014,32.4,32.49,32.63,32.65,32.68,32.7,32.64,32.43,32.63,32.8,33,33.3,33.65,33.95,34.25,34.48,35.01,35.39,35.84,36.37
E09000019,32.68,32.76,32.79,32.78,32.69,32.58,32.39,32.29,32.22,32.15,32.01,32.12,32.21,32.13,32,32.01,32.12,32.09,31.94,31.87
E09000020,35.5,35.44,35.47,35.47,35.29,35.44,35.74,35.79,35.97,36.09,36.21,36.71,37.01,37.39,37.78,38.47,39.04,39.42,39.94,40.28
E09000022,31.62,31.86,32.02,32.08,32.11,32.13,32.03,32,31.99,32.05,31.97,32.05,32.21,32.36,32.48,32.65,32.86,33.07,33.29,33.71
E09000023,33.3,33.55,33.81,33.83,33.84,33.76,33.68,33.46,33.5,33.58,33.59,33.77,33.98,34.1,34.27,34.48,34.75,35.01,35.22,35.55
E09000025,30.01,29.88,29.87,29.86,29.92,29.73,29.35,29.19,29.32,29.29,29.41,29.73,30.11,30.49,30.82,31.15,31.56,31.91,32.31,32.66
E09000028,32.58,32.77,32.92,32.85,32.65,32.47,32.3,32.23,32.27,32.31,32.26,32.38,32.49,32.62,32.7,32.91,33.13,33.37,33.6,33.9
E09000030,29.13,29.15,29.23,29.26,29.33,29.33,29.21,29.19,29.24,29.23,29.33,29.53,29.81,30.08,30.37,30.68,30.99,31.28,31.56,31.89
E09000032,32,31.98,32,32.07,32.16,32.22,32.25,32.3,32.41,32.47,32.44,32.59,32.77,32.96,33.18,33.41,33.65,33.85,34.01,34.25
E09000033,34,33.74,33.68,33.55,33.37,33.61,33.9,34.14,34.53,34.59,34.46,34.54,35.06,35.37,35.42,35.71,36.16,36.11,36.31,36.33
E09000002,34.33,34.39,34.45,34.34,34.16,33.92,33.48,33.05,32.68,32.32,32.1,32.01,32.03,32.03,32.03,32.03,32.13,32.3,32.52,32.68
E09000003,35.39,35.53,35.64,35.73,35.74,35.69,35.67,35.62,35.6,35.55,35.45,35.51,35.7,35.91,36.17,36.39,36.76,37.04,37.39,37.66
E09000004,37.96,38.16,38.36,38.55,38.73,38.94,39,39.05,39.24,39.25,39.25,39.22,39.1,38.92,38.78,38.6,38.69,38.76,38.92,39.03
E09000005,33.21,33.43,33.71,33.87,33.82,33.62,33.37,33.14,33.12,33.07,33.01,33.33,33.72,34.09,34.36,34.65,34.95,35.29,35.68,36.01
E09000006,38.72,38.95,39.21,39.5,39.71,39.86,39.91,40.03,40.22,40.42,40.55,40.58,40.57,40.55,40.43,40.49,40.56,40.63,40.85,41.09
E09000008,35.59,35.81,35.97,36.06,36.16,36.19,36.11,36,36.02,35.91,35.76,35.88,36.02,36.25,36.52,36.75,37.07,37.4,37.67,37.93
E09000009,33.69,33.79,33.99,33.94,33.94,33.93,33.92,33.81,33.89,33.98,34,34.32,34.66,35.08,35.43,35.85,36.32,36.72,37.08,37.43
E09000010,35.57,35.66,35.82,35.93,35.94,35.84,35.65,35.39,35.25,34.98,34.8,34.9,35.09,35.25,35.35,35.45,35.82,36.11,36.43,36.71
E09000011,33.92,33.85,33.81,33.72,33.58,33.47,33.39,33.34,33.36,33.32,33.32,33.45,33.68,33.95,34.13,34.26,34.45,34.71,34.97,35.26
E09000015,36.45,36.52,36.68,36.6,36.44,36.43,36.39,36.38,36.42,36.33,36.32,36.47,36.73,36.96,37.15,37.36,37.73,37.96,38.26,38.42
E09000016,39.75,39.92,40.11,40.29,40.43,40.62,40.68,40.73,40.77,40.86,40.94,40.97,40.81,40.42,40.03,39.67,39.42,39.24,39.19,39.2
E09000017,35.56,35.69,35.83,35.89,35.92,35.83,35.75,35.59,35.44,35.3,35.03,34.94,34.99,35.09,35.22,35.44,35.72,35.91,36.25,36.54
E09000018,33.63,33.83,34.12,34.08,34.01,33.88,33.77,33.63,33.69,33.64,33.67,33.87,34.21,34.55,34.92,35.29,35.7,36.05,36.45,36.82
E09000021,35.29,35.36,35.53,35.38,35.52,35.5,35.48,35.56,35.78,35.94,35.97,36.02,36.07,36.17,36.22,36.41,36.76,37.17,37.45,37.71
E09000024,34.62,34.83,35,35.06,35,34.93,34.82,34.82,34.88,34.91,34.88,35.14,35.39,35.63,35.89,36.24,36.68,37.05,37.39,37.73
E09000026,35.62,35.61,35.53,35.49,35.4,35.18,34.85,34.51,34.4,34.24,34,34.14,34.28,34.43,34.65,34.89,35.23,35.51,35.83,36.09
E09000027,37.05,37.21,37.22,37.27,37.34,37.5,37.71,37.9,38.15,38.28,38.44,38.71,38.95,39.23,39.59,39.91,40.35,40.73,41.12,41.57
E09000029,36.38,36.78,37.15,37.43,37.67,37.84,37.84,37.9,38.06,38.29,38.44,38.53,38.62,38.68,38.7,38.81,38.99,39.2,39.49,39.8
E09000031,33.24,33.36,33.5,33.59,33.73,33.65,33.45,33.15,33.06,32.97,32.96,33.18,33.49,33.77,33.99,34.24,34.53,34.89,35.25,35.62
E12000008,38.62,38.88,39.09,39.31,39.5,39.7,39.86,40.03,40.26,40.4,40.55,40.78,40.98,41.16,41.26,41.35,41.47,41.57,41.73,41.85
E06000036,35.2,35.59,35.9,36.18,36.54,36.83,36.98,37.29,37.58,37.8,37.94,38.19,38.26,38.39,38.45,38.64,38.92,39.06,39.32,39.6
E06000043,36.16,36.27,36.28,36.3,36.26,36.16,36.1,36.04,36.13,36.14,36.07,35.92,35.86,35.84,35.75,35.62,35.57,35.39,35.34,35.27
E06000060,38.64,38.9,39.18,39.42,39.69,39.92,40.11,40.39,40.74,40.99,41.19,41.43,41.63,41.77,41.8,41.87,41.98,42.02,42.18,42.26
E06000046,44.7,44.78,44.87,45.02,45.06,45.17,45.43,45.71,46.06,46.43,46.74,47.15,47.61,48.08,48.54,49.05,49.55,50.06,50.57,50.96
E06000035,36.04,36.3,36.55,36.78,37.06,37.22,37.32,37.44,37.6,37.69,37.74,37.7,37.77,37.83,37.8,37.82,37.95,38.08,38.24,38.38
E06000042,34.57,34.85,35.05,35.29,35.42,35.55,35.64,35.67,35.74,35.76,35.82,36.03,36.23,36.45,36.66,36.92,37.25,37.62,37.99,38.34
E06000044,35.13,35.28,35.21,34.77,34.57,34.73,34.99,34.97,34.82,34.41,34.09,33.94,34.1,34.15,33.98,33.85,33.83,33.94,34.09,34.22
E06000038,32.89,32.91,32.81,32.82,32.73,32.73,32.68,32.57,32.87,32.98,33.21,33.38,33.49,33.74,33.94,34.07,34.21,34.35,34.76,35.12
E06000039,33.04,33.19,33.23,33.17,33.04,32.94,32.61,32.37,32.39,32.34,32.33,32.63,33.02,33.37,33.69,33.99,34.38,34.75,35.02,35.32
E06000045,33.25,33.32,33.14,33.02,32.88,32.92,33.04,33.05,33.13,32.95,32.82,32.67,32.79,32.77,32.57,32.29,32.18,32.21,32.29,32.27
E06000037,37.9,38.28,38.58,38.89,39.14,39.37,39.53,39.78,40.15,40.53,40.86,41.3,41.58,41.97,42.22,42.46,42.87,43.2,43.49,43.79
E06000040,38.69,38.87,38.98,39.1,39.28,39.38,39.5,39.74,39.99,40.14,40.36,40.67,41.02,41.21,41.41,41.55,41.81,42.06,42.32,42.55
E06000041,37.44,37.84,38.34,38.67,39.01,39.25,39.38,39.61,39.93,40.33,40.71,40.89,41.09,41.33,41.42,41.48,41.54,41.55,41.57,41.6
E10000011,43.7,43.84,43.9,44.02,44.15,44.31,44.49,44.78,45.08,45.38,45.6,45.94,46.28,46.61,46.88,47.18,47.5,47.82,48.13,48.41
E07000061,42.76,42.78,42.65,42.53,42.3,42.4,42.45,42.67,42.93,43.18,43.36,43.72,44.01,44.23,44.49,44.89,45.26,45.68,45.81,46.3
E07000062,39.17,39.35,39.44,39.67,39.9,40.13,40.22,40.35,40.6,40.91,41.15,41.45,41.77,41.98,42.26,42.36,42.57,43.03,43.42,43.68
E07000063,44,44.11,44.23,44.44,44.73,44.88,45.06,45.37,45.55,45.71,45.91,46.11,46.35,46.7,47.03,47.22,47.41,47.7,48.01,48.18
E07000064,49.21,49.32,49.35,49.34,49.35,49.43,49.57,49.75,49.99,50.23,50.48,50.75,51.14,51.5,51.74,52.13,52.52,52.83,53.14,53.37
E07000065,43.93,44.15,44.34,44.55,44.77,44.98,45.25,45.64,46.01,46.36,46.58,46.95,47.29,47.63,47.93,48.24,48.58,48.77,49.02,49.2
E10000014,39.38,39.74,40.04,40.4,40.73,41.06,41.34,41.63,41.93,42.2,42.45,42.77,43.03,43.32,43.61,43.86,44.12,44.32,44.56,44.7
E07000084,37.19,37.51,37.71,38,38.21,38.56,38.82,39.08,39.26,39.43,39.61,39.85,40.13,40.33,40.52,40.68,40.84,41.03,41.26,41.4
E07000085,40.27,40.65,41.09,41.52,42.01,42.44,42.76,43.14,43.52,43.89,44.33,44.8,45.14,45.56,45.96,46.42,46.73,46.88,47.12,47.35
E07000086,38.4,38.78,39.13,39.53,39.85,40.11,40.23,40.49,40.74,40.87,41,41.26,41.41,41.52,41.83,42.1,42.18,42.21,42.13,42.04
E07000087,40.8,41.13,41.5,41.94,42.47,42.92,43.16,43.47,43.76,44.08,44.4,44.66,44.86,45.15,45.46,45.72,46.05,46.34,46.73,47
E07000088,37.29,37.82,38.24,38.59,38.89,39.1,39.22,39.45,39.85,40.12,40.4,40.65,41.05,41.36,41.61,41.69,41.96,42.18,42.71,42.82
E07000089,38.42,38.69,38.94,39.19,39.47,39.74,39.98,40.33,40.66,41.03,41.37,41.72,42.01,42.33,42.63,42.99,43.32,43.43,43.68,43.9
E07000090,41.24,41.56,41.84,42.17,42.41,42.71,43.03,43.33,43.56,43.85,44.12,44.39,44.66,45,45.31,45.51,45.69,45.79,45.91,45.96
E07000091,44.55,44.8,45.07,45.46,45.69,45.98,46.32,46.65,46.91,47.29,47.65,48.07,48.42,48.77,49.19,49.65,50.04,50.4,50.79,51.21
E07000092,34.23,34.64,34.8,35.12,35.26,35.26,35.45,35.6,35.93,36,36.14,36.49,36.88,37.2,37.57,37.53,37.89,38.31,38.8,39.15
E07000093,39.25,39.66,40.06,40.43,40.86,41.33,41.74,42.12,42.59,43.08,43.39,43.78,43.99,44.27,44.41,44.53,44.74,44.87,45.04,45.11
E07000094,40.2,40.48,40.58,40.79,41.13,41.29,41.5,41.62,41.77,42.03,42.15,42.33,42.5,42.69,42.78,42.9,43.04,43.43,43.68,43.71
E10000016,39.45,39.67,39.86,40.04,40.23,40.43,40.58,40.76,40.99,41.14,41.3,41.54,41.74,41.92,42.06,42.11,42.13,42.13,42.16,42.22
E07000105,38.88,39.01,39.26,39.39,39.55,39.68,39.87,40.14,40.43,40.63,40.93,41.2,41.35,41.61,41.79,41.88,41.93,41.88,42.02,42.26
E07000106,39.3,39.34,39.19,39.05,39.08,39.06,39.29,39.52,39.87,39.75,39.55,39.15,39.05,38.9,38.44,37.84,37.71,37.98,38.16,38.05
E07000107,36.51,36.79,37.01,37.16,37.18,37.36,37.47,37.42,37.52,37.64,37.67,37.64,37.61,37.55,37.52,37.5,37.4,37.34,37.28,37.37
E07000108,40.96,41.34,41.6,41.85,42.12,42.49,42.73,43.1,43.48,43.83,44.16,44.61,44.95,45.28,45.67,46.04,46.21,46.4,46.57,46.74
E07000112,41.6,41.92,42.01,42.19,42.33,42.58,42.8,43.08,43.38,43.64,43.95,44.39,44.94,45.46,45.88,46.15,46.65,46.91,47.33,47.61
E07000109,38.04,38.37,38.58,38.67,38.74,38.88,38.87,38.9,39.01,39.02,39.09,39.19,39.21,39.16,39.18,39.29,39.41,39.56,39.69,39.84
E07000110,39.33,39.48,39.63,39.88,40.14,40.28,40.37,40.55,40.77,40.94,41.08,41.32,41.49,41.54,41.59,41.64,41.53,41.43,41.44,41.5
E07000111,41.13,41.37,41.54,41.74,41.8,41.99,42.18,42.49,42.78,43.04,43.26,43.45,43.56,43.75,43.95,44,44.04,44.1,44.27,44.26
E07000113,37.99,38.34,38.71,39.11,39.51,39.86,39.94,40.14,40.43,40.57,40.79,41.1,41.29,41.51,41.61,41.53,41.41,41.3,41.1,41.14
E07000114,42.01,42.08,42.24,42.41,42.51,42.69,42.84,42.95,43.02,43.14,43.3,43.53,43.71,43.83,44.14,44.41,44.61,44.73,45.1,45.32
E07000115,38.85,39.1,39.44,39.68,39.99,40.2,40.4,40.64,40.87,41.01,41.29,41.61,41.84,42.05,42.23,42.28,42.29,42.32,42.21,42.41
E07000116,39.18,39.35,39.46,39.64,39.92,40.01,40.08,40.08,40.25,40.4,40.56,41.01,41.39,41.73,42.16,42.34,42.61,42.97,43.18,43.51
E10000025,36.92,37.21,37.36,37.54,37.69,37.95,38.14,38.35,38.63,38.76,38.82,39.05,39.23,39.35,39.45,39.51,39.68,39.8,40.05,40.19
E07000177,36.78,37.19,37.52,37.84,38.13,38.37,38.58,38.84,39.13,39.33,39.48,39.91,40.17,40.48,40.66,40.81,40.98,41.08,41.24,41.48
E07000178,31.01,30.94,30.7,30.21,29.92,29.97,29.97,30.02,30.36,30.28,30.18,30.34,30.45,30.38,30.35,30.17,29.74,29,28.9,28.61
E07000179,39.05,39.35,39.65,40,40.35,40.69,41,41.35,41.73,42.13,42.36,42.71,43.04,43.32,43.58,43.78,44.05,44.3,44.4,44.39
E07000180,39.13,39.55,39.79,40.12,40.41,40.66,40.87,41.23,41.55,41.81,41.93,42.14,42.43,42.74,42.82,42.81,42.71,42.57,42.51,42.53
E07000181,39.37,39.76,40.03,40.4,40.76,41.03,41.21,41.48,41.81,42.04,42.31,42.5,42.69,43.1,43.43,43.8,44.16,44.43,44.68,44.73
E10000030,39.29,39.55,39.75,39.98,40.22,40.34,40.41,40.59,40.8,40.92,41.02,41.22,41.37,41.51,41.61,41.72,41.88,42.01,42.16,42.29
E07000207,39.44,39.54,39.65,39.83,39.99,40.06,40.19,40.43,40.71,40.82,41.01,41.25,41.39,41.49,41.74,42,42.32,42.66,43,43.37
E07000208,40.12,40.17,40.18,40.35,40.48,40.53,40.44,40.53,40.76,40.81,40.87,41.02,41.05,41.01,41.17,41.24,41.37,41.48,41.53,41.69
E07000209,37.54,37.85,38.15,38.4,38.64,38.63,38.64,38.63,38.71,38.65,38.5,38.4,38.4,38.29,37.83,37.55,37.46,37.55,37.39,37.09
E07000210,42.44,42.65,42.7,42.93,43.13,43.39,43.55,43.76,44.12,44.45,44.74,45.1,45.27,45.65,45.96,46.27,46.7,47.1,47.48,47.63
E07000211,39.04,39.3,39.49,39.62,39.87,40.07,40.08,40.18,40.28,40.39,40.46,40.69,40.85,40.95,41.14,41.22,41.32,41.36,41.54,41.77
E07000212,37.86,38.38,38.63,38.98,39.33,39.41,39.32,39.36,39.53,39.5,39.57,39.42,39.28,39.24,39.09,38.6,38.35,37.97,37.69,37.36
E07000213,39.12,39.4,39.7,40.04,40.25,40.36,40.51,40.75,40.9,41.06,41.15,41.32,41.43,41.51,41.5,41.55,41.63,41.68,41.82,42.01
E07000214,38.74,39.03,39.28,39.52,39.79,40.09,40.32,40.66,40.97,41.29,41.61,41.98,42.36,42.65,42.93,43.29,43.53,43.76,43.89,44.08
E07000215,40.73,41.09,41.22,41.48,41.79,41.96,42.07,42.31,42.6,42.87,43.11,43.41,43.54,43.7,43.9,44.04,44.13,44.23,44.28,44.23
E07000216,40.92,41.09,41.24,41.4,41.65,41.85,41.97,42.25,42.51,42.77,43.03,43.24,43.48,43.78,43.98,44.22,44.44,44.65,45.01,45.27
E07000217,37.47,37.75,38,38.23,38.32,38.26,38.17,38.21,38.47,38.53,38.6,38.89,39.14,39.51,39.79,40.14,40.49,40.77,41.14,41.49
E10000032,41.44,41.64,41.82,41.99,42.2,42.4,42.58,42.8,43.03,43.25,43.47,43.75,44,44.27,44.44,44.65,44.9,45.06,45.3,45.47
E07000223,42.63,42.52,42.63,42.82,43.1,43.18,43.36,43.56,43.81,44.02,44.32,44.43,44.54,44.67,44.8,44.94,45.26,45.48,45.66,45.84
E07000224,45.94,45.97,46.08,46.16,46.12,46.22,46.38,46.66,46.82,47.08,47.38,47.61,47.87,48.22,48.53,48.85,49.14,49.42,49.71,49.97
E07000225,44.69,44.85,45.04,45.17,45.41,45.61,45.71,45.95,46.19,46.5,46.77,47.08,47.34,47.85,47.98,48.17,48.44,48.86,49.31,49.63
E07000226,35.54,35.88,36.13,36.21,36.28,36.2,36.16,36.04,36.05,35.87,35.76,35.92,35.96,36.13,36.3,36.53,36.86,37.15,37.51,37.81
E07000227,40.38,40.76,41.02,41.38,41.79,42.22,42.6,42.99,43.47,43.84,44.29,44.71,45.14,45.43,45.57,45.73,46.05,46.09,46.26,46.37
E07000228,40.38,40.52,40.71,40.94,41.2,41.42,41.54,41.69,41.93,42.12,42.33,42.57,42.76,42.98,43.18,43.34,43.49,43.67,43.76,43.86
E07000229,41.82,41.82,41.75,41.74,41.81,42.03,42.13,42.18,42.4,42.66,42.84,43.26,43.53,43.9,44.14,44.42,44.63,44.83,45.17,45.41
E12000009,40.53,40.75,40.95,41.17,41.32,41.55,41.73,41.98,42.26,42.47,42.66,42.9,43.09,43.31,43.46,43.62,43.78,43.86,44.06,44.11
E06000022,39.36,39.42,39.49,39.55,39.6,39.86,39.9,40.04,40.43,40.52,40.56,40.5,40.33,40.19,39.65,39.02,38.63,38.19,38.16,37.69
E06000058,41.44,41.41,41.48,41.56,41.52,41.59,41.54,41.62,41.69,41.55,41.49,41.61,41.8,42.02,42.06,42.04,42.15,42.39,42.67,42.76
E06000023,34.95,35.03,34.9,34.64,34.3,34.27,34.18,34.04,33.97,33.88,33.77,33.57,33.47,33.34,33.07,32.89,32.74,32.55,32.44,32.37
E06000052,43.41,43.63,43.79,43.95,44.08,44.28,44.44,44.71,44.97,45.17,45.37,45.61,45.88,46.14,46.38,46.65,46.91,47.19,47.58,47.91
E06000059,44.61,44.86,45.13,45.45,45.62,45.86,46.12,46.51,46.91,47.27,47.63,48.1,48.45,48.96,49.31,49.72,50.11,50.55,51.02,51.4
E06000053,43.54,43.89,43.9,42.65,44.27,43.57,43.88,44.15,44.96,46.02,46.14,46.26,45.85,46.72,46.53,47.2,47.42,47.95,48.24,48.82
E06000024,42.32,42.48,42.52,42.66,42.81,42.95,43.04,43.31,43.59,43.88,44.3,44.63,44.81,45.1,45.33,45.53,45.77,45.88,46.02,46.13
E06000026,37.53,37.76,37.96,38.09,37.98,37.97,38.05,38.15,38.36,38.43,38.3,38.25,38.19,38.13,38.09,38.04,38.19,38.3,38.64,38.83
E06000025,37.92,38.27,38.6,38.87,39.17,39.41,39.69,39.98,40.28,40.57,40.82,41.11,41.17,41.33,41.27,41.13,41.04,40.71,40.64,40.66
E06000030,36.46,36.64,36.84,37.1,37.26,37.38,37.41,37.48,37.77,38.05,38.32,38.57,38.84,39.06,39.28,39.54,39.63,39.81,40.14,40.46
E06000027,44.09,44.29,44.39,44.41,44.5,44.79,45.02,45.34,45.63,45.92,46.33,46.71,46.99,47.23,47.54,47.89,48.22,48.58,49.1,49.56
E06000054,39.19,39.44,39.72,40.09,40.43,40.75,41.02,41.3,41.62,41.91,42.17,42.58,42.96,43.29,43.62,43.99,44.26,44.56,44.94,45.05
E10000008,43.21,43.5,43.7,43.95,44.04,44.3,44.5,44.82,45.2,45.5,45.77,46.03,46.26,46.47,46.6,46.85,47.08,47.27,47.51,47.65
E07000040,48.06,48.28,48.35,48.48,48.47,48.61,48.66,48.85,49.16,49.44,49.63,49.73,49.97,50.19,50.25,50.47,50.73,50.94,51.16,51.31
E07000041,35.96,36.3,36.36,36.47,36.03,36.09,36.1,36.24,36.32,36.06,35.74,35.25,34.83,34.6,34.17,34,33.87,33.66,33.57,33.39
E07000042,41.93,42.17,42.39,42.58,42.88,43.11,43.23,43.54,43.93,44.2,44.48,44.83,45.15,45.41,45.7,46.08,46.36,46.46,46.66,46.79
E07000043,43.31,43.6,43.59,43.8,43.86,44.05,44.27,44.61,44.92,45.24,45.45,45.85,46.19,46.55,46.86,47.1,47.29,47.63,47.98,48.37
E07000044,44.68,45.11,45.49,45.92,46.25,46.56,46.82,47.21,47.7,48.23,48.61,49.03,49.34,49.75,49.99,50.5,50.94,51.21,51.46,51.68
E07000045,44.01,44.34,44.56,44.84,45.03,45.43,45.7,46.07,46.44,46.77,47.14,47.56,47.85,48.04,48.26,48.6,48.91,49.18,49.44,49.61
E07000046,44.29,44.71,45.06,45.35,45.67,45.94,46.22,46.52,46.97,47.24,47.62,47.83,48.21,48.64,48.98,49.39,49.73,50.17,50.72,51.11
E07000047,44.57,44.49,45.09,45.38,45.58,45.79,46.05,46.27,46.73,47.08,47.63,48.23,48.76,49.24,49.7,50.09,50.43,50.84,51.27,51.72
E10000013,39.86,40.14,40.38,40.65,40.89,41.14,41.37,41.68,42.02,42.31,42.58,42.95,43.24,43.48,43.72,43.96,44.16,44.28,44.46,44.53
E07000078,37.77,37.99,38.17,38.27,38.32,38.31,38.35,38.43,38.46,38.42,38.48,38.79,39.24,39.42,39.59,39.68,39.95,40.17,40.67,40.99
E07000079,42.94,43.26,43.55,43.8,44.11,44.43,44.73,45.19,45.68,46.19,46.54,47.02,47.29,47.59,47.96,48.42,48.64,48.83,49.06,49.44
E07000080,41.19,41.58,41.83,42.18,42.56,42.97,43.38,43.81,44.35,44.87,45.38,45.82,46.29,46.7,47.06,47.45,47.75,47.94,48.25,48.47
E07000081,36.84,37.11,37.35,37.54,37.62,37.75,37.67,37.73,38.02,38.11,38.21,38.33,38.44,38.58,38.53,38.52,38.62,38.93,39.2,39.36
E07000082,41.25,41.55,41.76,42.05,42.37,42.68,42.98,43.34,43.72,44.12,44.45,44.9,45.22,45.43,45.59,45.82,46.14,46.43,46.67,46.8
E07000083,41.16,41.39,41.68,42.09,42.39,42.67,43.06,43.41,43.59,43.83,44.13,44.51,44.66,44.85,44.95,45.03,44.94,44.69,44.52,44.42
E10000027,41.63,41.88,42.18,42.46,42.74,43.05,43.32,43.67,43.99,44.34,44.65,45.02,45.34,45.71,46.03,46.34,46.71,47.02,47.42,47.69
E07000187,40.3,40.62,40.95,41.28,41.66,42,42.36,42.75,43.18,43.64,44.08,44.52,44.86,45.31,45.58,45.87,46.34,46.58,47.04,47.25
E07000188,41.78,42.09,42.38,42.7,42.98,43.17,43.36,43.69,44.04,44.32,44.58,44.86,45.06,45.31,45.57,45.86,46.21,46.53,46.87,47.02
E07000246,42.59,42.7,42.97,43.18,43.4,43.7,43.94,44.26,44.47,44.75,45.07,45.46,45.81,46.19,46.54,46.89,47.25,47.54,47.86,48.18
E07000189,41.62,41.9,42.23,42.53,42.78,43.15,43.45,43.8,44.11,44.5,44.77,45.14,45.47,45.88,46.22,46.57,46.89,47.23,47.68,48.05
W92000004,39.35,39.63,39.88,40.1,40.33,40.54,40.69,40.88,41.07,41.3,41.48,41.69,41.92,42.15,42.3,42.38,42.45,42.48,42.51,42.38
W06000001,42.22,42.7,43.07,43.37,43.61,43.88,44.2,44.54,44.83,45.18,45.48,45.76,45.97,46.3,46.72,47.2,47.56,47.86,48.32,48.59
W06000002,40.58,40.88,41.16,41.34,41.63,41.93,42.18,42.46,42.56,42.56,42.73,42.81,43.06,43.28,43.23,43.23,43.34,43.24,43.16,42.97
W06000003,43.99,44.27,44.55,44.75,45.07,45.27,45.51,45.81,46.1,46.55,46.92,47.25,47.49,47.86,48.26,48.66,49.06,49.44,49.92,49.95
W06000004,41.84,42.05,42.38,42.72,43.02,43.33,43.52,43.69,43.94,44.17,44.41,44.82,45.03,45.32,45.64,45.9,46.24,46.61,46.91,46.63
W06000005,38.55,38.97,39.39,39.78,40.19,40.53,40.74,41.02,41.36,41.71,42,42.41,42.7,43.01,43.32,43.57,43.75,43.87,43.92,43.79
W06000006,38.67,38.95,39.19,39.48,39.74,39.83,39.98,40.06,40.21,40.37,40.51,40.85,41.17,41.42,41.7,41.93,42.11,42.23,42.45,42.52
W06000023,43.1,43.49,43.79,44.08,44.41,44.74,45.11,45.48,45.82,46.33,46.74,47.24,47.7,48.16,48.59,49.1,49.49,49.95,50.37,50.57
W06000008,40.87,41.2,41.51,41.75,42.02,42.27,42.55,42.99,43.18,43.07,42.9,42.73,43.01,43.6,44.25,44.97,45.69,46.1,46.74,46.81
W06000009,42.1,42.55,42.88,43.26,43.59,43.85,44.09,44.3,44.6,44.97,45.32,45.57,45.89,46.27,46.7,47.18,47.61,48.04,48.35,48.49
W06000010,42.08,42.33,42.53,42.76,43.02,43.19,43.35,43.56,43.81,44.1,44.26,44.53,44.79,45.17,45.45,45.69,46.07,46.26,46.5,46.63
W06000011,39.73,39.77,39.76,39.73,39.79,39.81,39.76,39.81,39.89,39.87,39.99,40.1,40.23,40.32,40.16,39.86,39.68,39.57,39.68,39.85
W06000012,40.67,40.92,41.04,41.23,41.43,41.68,41.84,41.97,42.16,42.38,42.54,42.8,43.05,43.25,43.37,43.43,43.41,43.34,43.41,43.19
W06000013,39.16,39.42,39.61,39.93,40.15,40.32,40.5,40.77,41.1,41.45,41.72,41.99,42.27,42.56,42.78,42.93,43.05,43.16,42.89,42.9
W06000014,39.74,40.03,40.33,40.55,40.83,41.07,41.2,41.4,41.64,41.92,42.23,42.55,42.84,43.1,43.42,43.56,43.6,43.7,43.79,43.68
W06000015,34.47,34.51,34.46,34.27,34.17,34.16,34.02,33.91,33.88,33.85,33.77,33.63,33.64,33.7,33.68,33.59,33.63,33.62,33.61,33.57
W06000016,38.1,38.38,38.56,38.64,38.86,39.11,39.32,39.54,39.86,40.15,40.4,40.52,40.68,40.77,40.77,40.69,40.6,40.55,40.59,40.56
W06000024,38.3,38.65,39.03,39.3,39.46,39.65,39.76,39.83,40.01,40.26,40.5,40.76,40.82,40.89,40.81,40.65,40.57,40.47,40.43,40.38
W06000018,37.75,38.02,38.32,38.56,38.86,39.1,39.36,39.59,39.89,40.18,40.43,40.76,41,41.22,41.34,41.48,41.54,41.59,41.74,41.67
W06000019,38.71,39.09,39.47,39.81,40.11,40.32,40.49,40.67,40.92,41.24,41.55,41.85,42.06,42.32,42.59,42.83,43.02,42.93,43.11,42.84
W06000020,39.11,39.5,39.77,40.14,40.42,40.65,40.83,41.01,41.14,41.42,41.66,41.88,42.09,42.32,42.47,42.59,42.58,42.41,42.2,41.89
W06000021,41.86,42.15,42.43,42.7,43.07,43.48,43.8,44.24,44.65,45.07,45.57,46.14,46.56,47.04,47.5,47.94,48.27,48.58,48.99,49.21
W06000022,37.69,37.92,38.12,38.38,38.55,38.69,38.81,38.84,38.93,39.03,39.01,39.03,39.06,39.09,39.07,38.98,38.8,38.84,38.84,38.7
S92000003,38.69,39.06,39.41,39.73,40.01,40.26,40.47,40.68,40.9,41.1,41.26,41.49,41.71,41.91,41.96,41.95,42,42.05,42.05,42.09
S12000033,36.89,37.22,37.54,37.89,38.04,38.05,37.84,37.65,37.38,37.14,36.85,36.61,36.43,36.21,36.09,36.33,36.72,37.07,37.34,37.64
S12000034,39.32,39.7,40.07,40.41,40.76,41.08,41.33,41.59,41.86,42.04,42.22,42.41,42.54,42.64,42.78,43.05,43.4,43.73,44.03,44.35
S12000041,41.4,41.72,42.2,42.45,42.66,42.87,43.18,43.51,43.9,44.15,44.46,44.89,45.19,45.49,45.78,46.1,46.41,46.76,47.11,47.44
S12000035,41.95,42.56,43.04,43.61,44.05,44.29,44.71,45.33,45.72,46.27,46.53,47.44,47.33,47.87,48.34,48.45,48.9,49.32,49.71,50.01
S12000036,36.39,36.63,36.89,37.04,36.99,36.99,36.92,36.97,36.95,36.76,36.56,36.55,36.56,36.59,36.48,36.34,36.36,36.42,36.51,36.68
S12000005,38.6,38.98,39.47,39.74,40.02,40.29,40.42,40.64,41.03,41.56,42.1,42.67,43.01,43.45,43.91,44.23,44.42,44.69,44.9,45.19
S12000006,42.5,43.02,43.48,43.89,44.28,44.63,44.97,45.33,45.7,46.08,46.4,46.86,47.27,47.71,48.11,48.48,48.87,49.25,49.64,49.98
S12000042,38.42,38.78,38.85,39.07,39.01,39.11,39.06,38.94,38.67,38.48,38.07,37.68,37.51,37.53,37.3,37.24,37.07,37.03,37.03,37.09
S12000008,39.18,39.59,39.9,40.16,40.54,40.93,41.23,41.49,41.82,42.2,42.52,42.86,43.21,43.54,43.82,44.1,44.35,44.54,44.72,44.88
S12000045,40.08,40.76,41.29,41.78,42.33,42.79,43.33,43.75,44.22,44.63,45.02,45.27,45.64,45.75,45.91,46.01,46.08,46.24,46.39,46.33
S12000010,40.16,40.46,40.84,41.22,41.55,41.87,42.02,41.99,42.28,42.64,42.94,43.13,43.38,43.68,43.91,44.15,44.45,44.52,44.64,44.83
S12000011,39.74,40.1,40.59,40.95,41.35,41.77,42.13,42.49,42.88,43.18,43.4,43.66,43.75,43.7,43.77,43.7,43.71,43.61,43.7,43.66
S12000014,38.62,38.92,39.15,39.36,39.55,39.84,40.09,40.37,40.7,41.01,41.27,41.62,42.03,42.37,42.63,42.82,42.99,43.26,43.44,43.57
S12000047,39.15,39.5,39.87,40.16,40.41,40.72,41.05,41.38,41.65,41.95,42.19,42.46,42.74,43.14,43.35,43.45,43.57,43.72,43.81,43.94
S12000049,36.22,36.31,36.44,36.57,36.67,36.76,36.71,36.66,36.55,36.43,36.25,36.14,36.03,35.98,35.83,35.66,35.63,35.62,35.61,35.69
S12000017,40.9,41.39,41.8,42.08,42.37,42.64,42.94,43.23,43.55,43.83,44.08,44.48,44.86,45.26,45.45,45.74,46.07,46.36,46.64,46.97
S12000018,39.48,39.88,40.29,40.7,41.04,41.5,41.94,42.33,42.74,43.13,43.56,43.99,44.31,44.69,45.04,45.4,45.72,45.99,46.18,46.26
S12000019,39.01,39.45,39.87,40.29,40.67,41.05,41.28,41.34,41.67,42,42.07,42.25,42.52,42.47,42.31,42.24,42,41.76,41.55,41.55
S12000020,38.83,39.44,39.72,40.22,40.63,41.02,41.42,41.73,42.07,42.38,42.84,43.36,43.46,43.86,44.07,44.27,44.74,45.17,45.35,45.66
S12000013,42.94,43.27,43.53,43.73,43.98,44.34,44.62,45.02,45.41,45.78,46.11,46.48,46.82,47.39,47.76,48.22,48.54,49,49.49,49.89
S12000021,39.52,40.02,40.41,40.82,41.27,41.68,42.05,42.35,42.75,43.22,43.62,44.06,44.51,44.96,45.29,45.62,46.03,46.35,46.71,46.92
S12000050,37.13,37.45,37.77,38.09,38.39,38.67,38.88,39.13,39.4,39.7,40,40.31,40.59,40.85,41.05,41.16,41.34,41.41,41.48,41.61
S12000023,41.09,41.57,42.07,42.32,42.8,43.2,43.65,44.01,44.35,44.68,45.06,45.45,45.91,46.36,46.8,47.12,47.41,47.78,47.97,48.31
S12000048,41.69,42.17,42.58,42.98,43.28,43.51,43.71,43.88,44.14,44.39,44.69,44.96,45.35,45.61,45.87,46.14,46.43,46.77,47.04,47.27
S12000038,38.96,39.36,39.74,40.05,40.37,40.71,40.96,41.25,41.61,41.84,42.11,42.47,42.8,43.08,43.25,43.22,43.15,43.07,42.89,42.71
S12000026,42.11,42.48,42.9,43.28,43.62,43.96,44.27,44.55,45.03,45.57,46.06,46.53,46.95,47.37,47.76,48.09,48.39,48.71,49.07,49.4
S12000027,38.19,38.64,39.12,39.39,39.73,40.31,40.58,40.93,41.16,41.24,41.45,41.97,42.22,42.58,42.82,43.12,43.47,43.83,44.22,44.47
S12000028,42.25,42.71,43.11,43.48,43.84,44.26,44.58,44.86,45.29,45.6,45.91,46.29,46.67,47.08,47.47,47.88,48.24,48.61,48.98,49.3
S12000029,38.84,39.22,39.59,39.92,40.26,40.56,40.84,41.17,41.57,41.94,42.34,42.67,43,43.36,43.57,43.81,43.96,44.11,44.21,44.24
S12000030,38.78,39.08,39.24,39.79,40.03,40.19,40.42,40.84,41.21,41.27,41.42,41.65,41.88,42.2,42.04,41.91,42.12,42.13,42.33,42.53
S12000039,38.38,38.75,39.14,39.52,39.97,40.28,40.58,40.87,41.16,41.61,41.98,42.23,42.54,42.81,42.92,43.02,43.09,43.17,43.31,43.31
S12000040,36.32,36.7,37.13,37.49,37.83,38.13,38.37,38.67,38.91,39.24,39.55,39.89,40.26,40.49,40.64,40.74,40.82,40.89,40.98,41.15
N92000002,34.71,35.04,35.39,35.72,36,36.24,36.43,36.61,36.82,37.09,37.36,37.58,37.82,38,38.13,38.28,38.49,38.68,38.9,39.21
N09000001,35.28,35.62,35.89,36.18,36.43,36.69,36.86,37,37.15,37.43,37.69,37.98,38.23,38.49,38.72,38.89,39.07,39.29,39.48,39.83
N09000011,38.41,38.79,39.21,39.61,39.86,40.17,40.46,40.74,41.02,41.41,41.72,42.08,42.48,42.93,43.13,43.4,43.68,43.9,44.17,44.39
N09000002,34.44,34.82,35.18,35.51,35.71,35.83,35.96,36.1,36.23,36.44,36.61,36.74,36.98,37.08,37.2,37.32,37.57,37.74,37.99,38.25
N09000003,34.27,34.28,34.42,34.52,34.68,34.76,34.76,34.75,34.84,34.91,35.11,35.15,35.22,35.35,35.39,35.52,35.75,35.82,35.93,36.22
N09000004,34.87,35.22,35.61,36.04,36.43,36.78,37.17,37.57,37.99,38.43,38.83,39.25,39.67,40.04,40.26,40.56,40.83,41.1,41.31,41.53
N09000005,31.48,31.96,32.42,32.93,33.42,33.88,34.24,34.61,34.96,35.29,35.65,35.87,36.22,36.53,36.8,37.17,37.46,37.72,37.96,38.33
N09000006,34.08,34.58,34.99,35.46,35.79,36.14,36.28,36.5,36.84,37.08,37.39,37.73,38.11,38.36,38.65,38.86,39.13,39.42,39.71,40.08
N09000007,36.43,36.84,37.27,37.67,38.04,38.44,38.79,38.98,39.08,39.33,39.58,39.89,40.21,40.22,40.27,40.35,40.34,40.28,40.32,40.55
N09000008,36.72,37.13,37.54,37.91,38.25,38.61,38.92,39.25,39.63,40.05,40.44,40.85,41.2,41.46,41.75,41.95,42.09,42.09,42.28,42.43
N09000009,32.55,32.9,33.29,33.64,33.77,33.9,33.93,34.04,34.24,34.45,34.58,34.81,35.03,35.23,35.5,35.76,36.06,36.38,36.69,37.04
N09000010,33.32,33.7,34.09,34.41,34.7,34.98,35.08,35.23,35.46,35.76,36.08,36.27,36.48,36.77,37.03,37.23,37.51,37.82,38.1,38.42
